form id,writer id,number of sentences,word segmentation,NBTO,NBOK,WOTO,WOOK,path
a01-000u,000,2,prt,7,5,52,36,forms/a01-000u.png
a01-000x,001,2,all,6,6,52,52,forms/a01-000x.png
a01-003,002,3,prt,11,10,81,71,forms/a01-003.png
a01-003u,000,3,prt,11,10,80,73,forms/a01-003u.png
a01-003x,003,3,prt,9,6,82,56,forms/a01-003x.png
a01-007,004,3,all,9,9,69,69,forms/a01-007.png
a01-007u,000,3,all,10,10,68,68,forms/a01-007u.png
a01-007x,003,3,all,8,8,69,69,forms/a01-007x.png
a01-011,005,2,prt,7,6,68,58,forms/a01-011.png
a01-011u,000,2,all,10,10,68,68,forms/a01-011u.png
a01-011x,006,2,prt,9,1,68,10,forms/a01-011x.png
a01-014,007,5,prt,10,9,76,68,forms/a01-014.png
a01-014u,000,5,prt,9,8,59,53,forms/a01-014u.png
a01-014x,008,5,all,10,10,76,76,forms/a01-014x.png
a01-020,009,5,all,9,9,68,68,forms/a01-020.png
a01-020u,000,5,all,10,10,68,68,forms/a01-020u.png
a01-020x,010,5,all,9,9,69,69,forms/a01-020x.png
a01-026,009,3,prt,10,8,77,62,forms/a01-026.png
a01-026u,000,3,all,11,11,77,77,forms/a01-026u.png
a01-026x,008,3,prt,10,8,78,63,forms/a01-026x.png
a01-030,005,7,prt,8,6,85,63,forms/a01-030.png
a01-030u,000,7,prt,11,10,85,75,forms/a01-030u.png
a01-030x,010,6,prt,9,8,76,68,forms/a01-030x.png
a01-038,007,4,prt,13,12,86,77,forms/a01-038.png
a01-038x,011,4,prt,9,5,82,43,forms/a01-038x.png
a01-043,012,5,prt,11,8,68,50,forms/a01-043.png
a01-043u,000,5,all,10,10,68,68,forms/a01-043u.png
a01-043x,011,5,all,8,8,67,67,forms/a01-043x.png
a01-049,012,3,prt,11,9,79,68,forms/a01-049.png
a01-049u,000,3,prt,11,10,75,70,forms/a01-049u.png
a01-049x,000,3,prt,11,9,82,68,forms/a01-049x.png
a01-053,013,4,prt,11,7,72,46,forms/a01-053.png
a01-053u,000,4,all,10,10,69,69,forms/a01-053u.png
a01-053x,014,4,prt,10,8,68,55,forms/a01-053x.png
a01-058,013,4,prt,10,7,68,48,forms/a01-058.png
a01-058u,000,4,all,9,9,67,67,forms/a01-058u.png
a01-058x,014,4,all,10,10,66,66,forms/a01-058x.png
a01-063,013,4,prt,11,9,78,60,forms/a01-063.png
a01-063u,000,4,prt,10,9,77,69,forms/a01-063u.png
a01-063x,015,4,prt,10,6,77,50,forms/a01-063x.png
a01-068u,000,3,all,10,10,70,70,forms/a01-068u.png
a01-072u,000,4,all,9,9,66,66,forms/a01-072u.png
a01-072x,001,4,prt,8,6,65,47,forms/a01-072x.png
a01-077,016,4,all,10,10,66,66,forms/a01-077.png
a01-077u,000,4,prt,9,8,65,56,forms/a01-077u.png
a01-082u,000,4,all,10,10,62,62,forms/a01-082u.png
a01-087,017,3,prt,9,8,65,58,forms/a01-087.png
a01-087u,000,3,all,9,9,64,64,forms/a01-087u.png
a01-091,016,4,all,11,11,71,71,forms/a01-091.png
a01-091u,000,4,all,10,10,71,71,forms/a01-091u.png
a01-096u,000,5,prt,11,9,82,65,forms/a01-096u.png
a01-102,016,4,prt,11,8,75,52,forms/a01-102.png
a01-102u,000,4,prt,9,8,75,67,forms/a01-102u.png
a01-107,018,5,prt,5,3,67,38,forms/a01-107.png
a01-107u,000,5,prt,8,7,68,59,forms/a01-107u.png
a01-113,018,3,all,9,9,84,84,forms/a01-113.png
a01-113u,000,3,all,11,11,84,84,forms/a01-113u.png
a01-117,019,4,prt,10,9,93,80,forms/a01-117.png
a01-117u,000,4,all,11,11,87,87,forms/a01-117u.png
a01-122,019,5,prt,8,6,84,62,forms/a01-122.png
a01-122u,000,5,all,11,11,84,84,forms/a01-122u.png
a01-128,019,3,prt,9,6,84,54,forms/a01-128.png
a01-128u,000,3,prt,11,8,84,60,forms/a01-128u.png
a01-132,020,3,prt,12,10,70,62,forms/a01-132.png
a01-132u,000,3,all,10,10,70,70,forms/a01-132u.png
a01-132x,000,3,all,9,9,69,69,forms/a01-132x.png
a02-000,021,3,all,8,8,65,65,forms/a02-000.png
a02-004,022,3,prt,11,9,76,63,forms/a02-004.png
a02-008,023,3,prt,9,8,79,70,forms/a02-008.png
a02-012,024,4,prt,10,9,66,60,forms/a02-012.png
a02-017,025,2,prt,8,7,71,56,forms/a02-017.png
a02-020,025,3,all,7,7,62,62,forms/a02-020.png
a02-024,025,2,prt,8,7,63,55,forms/a02-024.png
a02-027,025,4,all,10,10,89,89,forms/a02-027.png
a02-032,025,4,all,7,7,70,70,forms/a02-032.png
a02-037,026,4,prt,10,8,87,68,forms/a02-037.png
a02-042,026,3,prt,8,5,69,37,forms/a02-042.png
a02-046,027,3,prt,8,7,79,69,forms/a02-046.png
a02-050,028,2,prt,8,7,62,51,forms/a02-050.png
a02-053,029,3,prt,8,7,77,64,forms/a02-053.png
a02-057,030,4,prt,9,6,65,45,forms/a02-057.png
a02-062,031,4,prt,8,2,60,12,forms/a02-062.png
a02-067,032,4,prt,10,9,73,65,forms/a02-067.png
a02-072,033,5,all,8,8,88,88,forms/a02-072.png
a02-078,034,3,prt,10,7,80,58,forms/a02-078.png
a02-082,035,3,all,8,8,64,64,forms/a02-082.png
a02-086,036,3,prt,8,7,66,56,forms/a02-086.png
a02-090,026,2,prt,7,4,64,40,forms/a02-090.png
a02-093,026,4,prt,9,8,73,69,forms/a02-093.png
a02-098,026,3,prt,9,6,77,52,forms/a02-098.png
a02-102,037,3,prt,9,8,68,59,forms/a02-102.png
a02-106,037,4,all,10,10,83,83,forms/a02-106.png
a02-111,037,4,prt,12,10,83,70,forms/a02-111.png
a02-116,038,3,prt,9,7,66,47,forms/a02-116.png
a02-120,039,3,prt,11,10,80,71,forms/a02-120.png
a02-124,037,1,all,6,6,41,41,forms/a02-124.png
a03-006,040,2,all,9,9,80,80,forms/a03-006.png
a03-009,041,1,prt,8,6,64,43,forms/a03-009.png
a03-011,042,2,all,9,9,84,84,forms/a03-011.png
a03-014,043,2,prt,10,9,66,60,forms/a03-014.png
a03-017,044,2,all,9,9,71,71,forms/a03-017.png
a03-020,045,2,prt,11,3,58,16,forms/a03-020.png
a03-023,046,3,all,11,11,75,75,forms/a03-023.png
a03-027,047,2,prt,10,9,83,74,forms/a03-027.png
a03-030,048,3,prt,10,9,75,67,forms/a03-030.png
a03-034,049,2,all,8,8,66,66,forms/a03-034.png
a03-037,050,2,all,8,8,74,74,forms/a03-037.png
a03-040,051,2,all,7,7,66,66,forms/a03-040.png
a03-043,052,3,all,9,9,65,65,forms/a03-043.png
a03-047,037,2,all,11,11,86,86,forms/a03-047.png
a03-050,000,3,prt,9,7,64,49,forms/a03-050.png
a03-054,053,4,prt,11,9,77,64,forms/a03-054.png
a03-059,054,4,prt,12,8,81,50,forms/a03-059.png
a03-063,055,3,prt,11,10,98,88,forms/a03-063.png
a03-066,056,1,all,8,8,58,58,forms/a03-066.png
a03-071,000,1,prt,9,7,74,59,forms/a03-071.png
a03-073,000,3,prt,12,11,93,84,forms/a03-073.png
a03-080,000,2,prt,10,8,70,55,forms/a03-080.png
a03-089,000,1,prt,4,3,24,15,forms/a03-089.png
a04-000,058,2,all,7,7,49,49,forms/a04-000.png
a04-003,058,2,all,8,8,55,55,forms/a04-003.png
a04-006,058,3,prt,11,10,91,82,forms/a04-006.png
a04-010,058,4,all,9,9,72,72,forms/a04-010.png
a04-015,059,3,all,8,8,83,83,forms/a04-015.png
a04-019,059,3,all,8,8,89,89,forms/a04-019.png
a04-023,059,3,prt,7,5,82,57,forms/a04-023.png
a04-027,059,3,all,6,6,74,74,forms/a04-027.png
a04-031,060,3,all,10,10,86,86,forms/a04-031.png
a04-035,060,3,prt,10,9,83,75,forms/a04-035.png
a04-039,060,3,all,10,10,83,83,forms/a04-039.png
a04-043,060,3,all,9,9,68,68,forms/a04-043.png
a04-047,061,2,all,9,9,75,75,forms/a04-047.png
a04-050,061,3,all,7,7,63,63,forms/a04-050.png
a04-054,061,4,all,7,7,69,69,forms/a04-054.png
a04-059,061,3,prt,8,7,74,66,forms/a04-059.png
a04-066,062,2,prt,9,7,61,45,forms/a04-066.png
a04-069,062,2,prt,9,7,68,55,forms/a04-069.png
a04-072,062,4,prt,11,10,76,67,forms/a04-072.png
a04-081,063,3,all,10,10,60,60,forms/a04-081.png
a04-085,063,3,all,10,10,67,67,forms/a04-085.png
a04-089,063,2,all,10,10,73,73,forms/a04-089.png
a04-092,064,3,all,11,11,89,89,forms/a04-092.png
a04-096,064,2,all,10,10,75,75,forms/a04-096.png
a04-099,064,3,prt,11,10,85,73,forms/a04-099.png
a04-103,064,2,all,9,9,68,68,forms/a04-103.png
a05-000,000,3,all,8,8,57,57,forms/a05-000.png
a05-004,065,4,prt,10,8,81,66,forms/a05-004.png
a05-009,065,3,all,8,8,61,61,forms/a05-009.png
a05-013,000,3,prt,9,6,60,35,forms/a05-013.png
a05-017,000,4,prt,11,10,74,66,forms/a05-017.png
a05-022,000,2,all,9,9,63,63,forms/a05-022.png
a05-025,000,3,prt,11,10,74,68,forms/a05-025.png
a05-029,000,4,all,10,10,72,72,forms/a05-029.png
a05-039,000,4,prt,11,8,79,57,forms/a05-039.png
a05-044,000,3,prt,11,10,77,68,forms/a05-044.png
a05-048,000,4,all,11,11,85,85,forms/a05-048.png
a05-053,000,4,prt,11,10,87,78,forms/a05-053.png
a05-058,000,3,all,9,9,66,66,forms/a05-058.png
a05-062,000,2,prt,9,5,72,39,forms/a05-062.png
a05-069,000,3,prt,11,10,76,70,forms/a05-069.png
a05-073,000,6,prt,11,9,92,74,forms/a05-073.png
a05-080,000,3,prt,10,9,63,54,forms/a05-080.png
a05-084,000,4,all,10,10,69,69,forms/a05-084.png
a05-089,000,4,prt,11,10,87,76,forms/a05-089.png
a05-094,000,4,prt,11,10,87,80,forms/a05-094.png
a05-099,000,4,prt,10,9,81,76,forms/a05-099.png
a05-104,000,3,prt,10,9,67,60,forms/a05-104.png
a05-108,000,4,prt,8,7,59,52,forms/a05-108.png
a05-113,000,2,prt,10,9,70,61,forms/a05-113.png
a05-116,000,4,prt,10,8,74,59,forms/a05-116.png
a05-121,000,3,prt,10,9,65,56,forms/a05-121.png
a05-125,000,3,all,8,8,45,45,forms/a05-125.png
a06-000,066,3,all,8,8,63,63,forms/a06-000.png
a06-004,066,3,all,10,10,73,73,forms/a06-004.png
a06-008,067,5,prt,8,6,77,54,forms/a06-008.png
a06-014,068,5,prt,11,10,74,64,forms/a06-014.png
a06-020,069,4,all,6,6,74,74,forms/a06-020.png
a06-025,070,5,all,9,9,61,61,forms/a06-025.png
a06-036,071,2,all,8,8,66,66,forms/a06-036.png
a06-039,072,4,prt,11,8,75,54,forms/a06-039.png
a06-044,073,6,prt,7,6,70,58,forms/a06-044.png
a06-051,074,5,all,9,9,74,74,forms/a06-051.png
a06-057,075,6,all,6,6,75,75,forms/a06-057.png
a06-064,076,5,prt,10,9,77,67,forms/a06-064.png
a06-070,077,4,all,9,9,69,69,forms/a06-070.png
a06-075,078,4,all,9,9,68,68,forms/a06-075.png
a06-090,079,4,all,9,9,78,78,forms/a06-090.png
a06-095,080,4,all,11,11,72,72,forms/a06-095.png
a06-100,081,5,prt,7,6,78,67,forms/a06-100.png
a06-110,082,3,prt,9,8,50,43,forms/a06-110.png
a06-114,083,4,all,10,10,67,67,forms/a06-114.png
a06-119,084,4,prt,10,9,61,58,forms/a06-119.png
a06-124,085,3,all,6,6,67,67,forms/a06-124.png
a06-128,084,5,prt,11,9,67,55,forms/a06-128.png
a06-134,085,6,prt,8,6,88,67,forms/a06-134.png
a06-141,085,5,all,7,7,68,68,forms/a06-141.png
a06-147,085,4,prt,7,6,76,65,forms/a06-147.png
a06-152,086,4,prt,11,10,68,62,forms/a06-152.png
a06-157,085,3,prt,4,2,46,23,forms/a06-157.png
b01-000,087,3,all,7,7,50,50,forms/b01-000.png
b01-004,087,4,all,8,8,65,65,forms/b01-004.png
b01-009,087,4,all,8,8,61,61,forms/b01-009.png
b01-014,088,3,prt,9,7,77,62,forms/b01-014.png
b01-018,088,4,prt,9,8,74,63,forms/b01-018.png
b01-023,088,3,all,7,7,60,60,forms/b01-023.png
b01-027,089,5,prt,9,8,73,66,forms/b01-027.png
b01-033,089,4,all,6,6,54,54,forms/b01-033.png
b01-038,089,5,prt,11,10,99,92,forms/b01-038.png
b01-044,090,4,all,7,7,64,64,forms/b01-044.png
b01-049,090,3,prt,8,6,69,51,forms/b01-049.png
b01-053,090,3,prt,8,5,65,36,forms/b01-053.png
b01-057,017,4,all,11,11,95,95,forms/b01-057.png
b01-062,017,5,prt,10,9,75,68,forms/b01-062.png
b01-073,091,5,prt,11,10,87,78,forms/b01-073.png
b01-079,091,4,all,11,11,90,90,forms/b01-079.png
b01-084,092,4,prt,8,6,72,56,forms/b01-084.png
b01-089,092,4,prt,10,8,81,65,forms/b01-089.png
b01-094,092,4,prt,10,8,69,53,forms/b01-094.png
b01-113,093,4,all,8,8,77,77,forms/b01-113.png
b01-118,093,3,all,9,9,79,79,forms/b01-118.png
b01-122,093,4,all,9,9,79,79,forms/b01-122.png
b01-127,094,4,prt,10,9,73,65,forms/b01-127.png
b01-132,094,3,prt,9,8,71,64,forms/b01-132.png
b01-136,094,4,prt,8,7,73,63,forms/b01-136.png
b02-013,095,2,prt,10,8,73,59,forms/b02-013.png
b02-035,095,3,prt,11,9,78,63,forms/b02-035.png
b02-045,096,3,all,9,9,94,94,forms/b02-045.png
b02-097,097,4,all,9,9,81,81,forms/b02-097.png
b02-102,098,2,all,7,7,62,62,forms/b02-102.png
b02-105,099,2,all,6,6,42,42,forms/b02-105.png
b03-025,100,2,all,7,7,65,65,forms/b03-025.png
b03-087,102,4,all,6,6,74,74,forms/b03-087.png
b03-092,102,5,all,7,7,72,72,forms/b03-092.png
b03-098,103,5,all,10,10,79,79,forms/b03-098.png
b03-104,104,4,all,10,10,78,78,forms/b03-104.png
b03-109,105,4,prt,9,6,84,52,forms/b03-109.png
b03-114,106,5,all,9,9,67,67,forms/b03-114.png
b04-000,107,3,all,7,7,50,50,forms/b04-000.png
b04-004,107,5,all,11,11,75,75,forms/b04-004.png
b04-010,107,9,all,10,10,77,77,forms/b04-010.png
b04-020,107,5,all,9,9,69,69,forms/b04-020.png
b04-026,108,7,prt,7,3,86,35,forms/b04-026.png
b04-034,108,5,all,6,6,66,66,forms/b04-034.png
b04-040,108,6,all,6,6,71,71,forms/b04-040.png
b04-047,108,6,all,6,6,68,68,forms/b04-047.png
b04-054,109,5,all,7,7,66,66,forms/b04-054.png
b04-060,109,5,all,7,7,69,69,forms/b04-060.png
b04-066,109,8,all,7,7,71,71,forms/b04-066.png
b04-075,109,5,all,6,6,68,68,forms/b04-075.png
b04-081,110,7,prt,7,4,70,36,forms/b04-081.png
b04-089,110,6,prt,8,3,73,27,forms/b04-089.png
b04-096,110,6,prt,8,6,71,56,forms/b04-096.png
b04-103,110,3,prt,7,3,65,28,forms/b04-103.png
b04-107,111,8,all,9,9,74,74,forms/b04-107.png
b04-116,111,4,all,8,8,79,79,forms/b04-116.png
b04-121,111,6,all,7,7,66,66,forms/b04-121.png
b04-128,111,5,all,7,7,70,70,forms/b04-128.png
b04-134,112,5,all,10,10,84,84,forms/b04-134.png
b04-140,112,6,all,9,9,73,73,forms/b04-140.png
b04-147,112,6,all,8,8,72,72,forms/b04-147.png
b04-154,112,7,all,8,8,69,69,forms/b04-154.png
b04-162,113,6,all,9,9,70,70,forms/b04-162.png
b04-169,113,5,prt,8,6,65,48,forms/b04-169.png
b04-175,113,5,prt,9,7,70,55,forms/b04-175.png
b04-181,113,5,all,8,8,61,61,forms/b04-181.png
b04-187,114,7,all,8,8,74,74,forms/b04-187.png
b04-195,114,6,all,7,7,62,62,forms/b04-195.png
b04-202,114,5,all,8,8,73,73,forms/b04-202.png
b04-208,114,1,all,3,3,19,19,forms/b04-208.png
b05-017,115,6,all,6,6,65,65,forms/b05-017.png
b05-032,116,5,all,11,11,98,98,forms/b05-032.png
b05-038,117,3,prt,9,8,64,54,forms/b05-038.png
b05-042,117,2,prt,11,9,92,74,forms/b05-042.png
b05-045,117,4,prt,10,8,80,61,forms/b05-045.png
b05-050,117,4,prt,9,7,63,42,forms/b05-050.png
b05-055,118,2,all,5,5,61,61,forms/b05-055.png
b05-058,118,3,prt,6,5,68,60,forms/b05-058.png
b05-062,118,4,all,6,6,62,62,forms/b05-062.png
b05-067,118,3,prt,7,6,79,67,forms/b05-067.png
b05-071,118,2,prt,6,5,59,49,forms/b05-071.png
b05-074,119,4,all,11,11,105,105,forms/b05-074.png
b05-079,120,3,all,10,10,65,65,forms/b05-079.png
b05-083,121,4,prt,9,8,69,65,forms/b05-083.png
b05-088,122,4,prt,8,6,77,55,forms/b05-088.png
b05-098,121,3,all,10,10,75,75,forms/b05-098.png
b06-000,123,3,all,8,8,72,72,forms/b06-000.png
b06-004,124,3,all,8,8,64,64,forms/b06-004.png
b06-008,125,3,all,10,10,75,75,forms/b06-008.png
b06-012,126,2,prt,6,5,60,51,forms/b06-012.png
b06-015,127,3,prt,11,9,68,52,forms/b06-015.png
b06-019,128,3,prt,10,8,72,52,forms/b06-019.png
b06-023,123,3,all,8,8,71,71,forms/b06-023.png
b06-027,129,4,prt,10,5,61,26,forms/b06-027.png
b06-032,130,3,all,7,7,57,57,forms/b06-032.png
b06-036,126,5,prt,8,7,91,77,forms/b06-036.png
b06-042,131,2,prt,11,10,83,71,forms/b06-042.png
b06-045,132,3,prt,9,8,69,66,forms/b06-045.png
b06-049,124,3,all,10,10,77,77,forms/b06-049.png
b06-053,127,2,prt,11,9,58,46,forms/b06-053.png
b06-056,125,2,prt,11,10,77,67,forms/b06-056.png
b06-059,130,4,prt,11,9,82,70,forms/b06-059.png
b06-064,133,3,all,11,11,70,70,forms/b06-064.png
b06-068,131,2,all,11,11,70,70,forms/b06-068.png
b06-071,128,3,prt,10,9,65,58,forms/b06-071.png
b06-075,124,3,all,11,11,90,90,forms/b06-075.png
b06-079,130,2,all,10,10,81,81,forms/b06-079.png
b06-082,132,4,prt,10,8,81,67,forms/b06-082.png
b06-087,134,2,all,9,9,69,69,forms/b06-087.png
b06-090,134,2,prt,8,7,62,58,forms/b06-090.png
b06-093,125,3,all,11,11,71,71,forms/b06-093.png
b06-097,123,2,all,8,8,63,63,forms/b06-097.png
b06-100,133,4,prt,10,9,68,59,forms/b06-100.png
b06-110,126,4,all,8,8,69,69,forms/b06-110.png
c01-009,135,4,prt,11,9,86,64,forms/c01-009.png
c01-014,135,3,prt,11,8,93,67,forms/c01-014.png
c01-066,136,2,all,10,10,70,70,forms/c01-066.png
c02-000,137,2,all,10,10,79,79,forms/c02-000.png
c02-003,138,3,prt,9,8,71,63,forms/c02-003.png
c02-007,139,4,prt,9,7,76,58,forms/c02-007.png
c02-012,140,4,prt,10,9,88,77,forms/c02-012.png
c02-017,139,4,all,10,10,76,76,forms/c02-017.png
c02-022,140,3,all,9,9,65,65,forms/c02-022.png
c02-026,141,3,prt,9,7,73,55,forms/c02-026.png
c02-030,142,4,prt,9,7,77,59,forms/c02-030.png
c02-035,143,2,prt,6,5,65,54,forms/c02-035.png
c02-049,144,2,prt,11,8,82,53,forms/c02-049.png
c02-056,145,2,prt,9,8,86,75,forms/c02-056.png
c02-059,146,4,prt,11,10,89,86,forms/c02-059.png
c02-078,147,3,prt,10,8,100,79,forms/c02-078.png
c02-082,148,3,prt,10,8,71,57,forms/c02-082.png
c02-089,149,1,prt,7,4,43,21,forms/c02-089.png
c03-000a,150,2,prt,8,7,60,53,forms/c03-000a.png
c03-000b,151,2,all,7,7,60,60,forms/c03-000b.png
c03-000c,152,2,all,8,8,61,61,forms/c03-000c.png
c03-000d,153,2,all,8,8,61,61,forms/c03-000d.png
c03-000e,154,2,prt,8,6,60,45,forms/c03-000e.png
c03-000f,155,2,all,9,9,60,60,forms/c03-000f.png
c03-003a,150,3,prt,9,7,79,63,forms/c03-003a.png
c03-003b,151,3,prt,8,7,79,69,forms/c03-003b.png
c03-007,156,2,prt,8,7,69,59,forms/c03-007.png
c03-003c,152,3,all,9,9,80,80,forms/c03-003c.png
c03-003d,153,3,prt,9,8,80,72,forms/c03-003d.png
c03-003e,154,3,prt,9,8,80,69,forms/c03-003e.png
c03-003f,155,3,prt,10,8,80,63,forms/c03-003f.png
c03-007a,150,2,all,8,8,69,69,forms/c03-007a.png
c03-007b,151,2,prt,8,7,69,61,forms/c03-007b.png
c03-007c,152,2,prt,9,7,69,60,forms/c03-007c.png
c03-007d,153,2,all,9,9,69,69,forms/c03-007d.png
c03-007e,154,2,all,9,9,70,70,forms/c03-007e.png
c03-007f,155,2,all,9,9,70,70,forms/c03-007f.png
c03-016a,150,4,all,10,10,85,85,forms/c03-016a.png
c03-016b,151,4,prt,10,7,88,61,forms/c03-016b.png
c03-016c,152,4,prt,10,7,88,62,forms/c03-016c.png
c03-016d,153,4,prt,11,10,88,80,forms/c03-016d.png
c03-016e,154,4,prt,11,10,89,82,forms/c03-016e.png
c03-021a,150,3,prt,10,9,90,79,forms/c03-021a.png
c03-021b,151,3,prt,9,6,89,62,forms/c03-021b.png
c03-021c,152,3,prt,10,9,89,79,forms/c03-021c.png
c03-021d,153,3,all,10,10,89,89,forms/c03-021d.png
c03-021e,154,3,prt,11,10,91,86,forms/c03-021e.png
c03-021f,155,3,prt,10,7,82,54,forms/c03-021f.png
c03-081a,150,2,all,10,10,81,81,forms/c03-081a.png
c03-081b,151,2,prt,10,9,81,73,forms/c03-081b.png
c03-081c,152,2,prt,9,8,81,70,forms/c03-081c.png
c03-081d,153,2,all,11,11,81,81,forms/c03-081d.png
c03-081e,154,2,prt,11,10,82,71,forms/c03-081e.png
c03-081f,155,2,prt,10,9,79,69,forms/c03-081f.png
c03-084a,150,2,all,8,8,63,63,forms/c03-084a.png
c03-084b,151,2,prt,8,4,63,30,forms/c03-084b.png
c03-084c,152,2,prt,7,3,64,24,forms/c03-084c.png
c03-084d,153,2,all,9,9,65,65,forms/c03-084d.png
c03-084e,154,2,prt,8,7,63,54,forms/c03-084e.png
c03-084f,155,2,prt,9,7,63,45,forms/c03-084f.png
c03-087a,150,2,prt,9,8,66,59,forms/c03-087a.png
c03-087b,151,2,prt,9,7,66,50,forms/c03-087b.png
c03-087c,152,2,prt,8,7,68,63,forms/c03-087c.png
c03-087d,153,2,all,10,10,66,66,forms/c03-087d.png
c03-087e,154,2,all,9,9,68,68,forms/c03-087e.png
c03-087f,155,2,prt,9,8,66,59,forms/c03-087f.png
c03-094a,150,1,prt,10,9,80,72,forms/c03-094a.png
c03-094b,151,1,prt,10,8,78,62,forms/c03-094b.png
c03-094c,152,1,prt,9,8,79,70,forms/c03-094c.png
c03-094d,153,1,all,11,11,79,79,forms/c03-094d.png
c03-094e,154,1,prt,10,7,79,55,forms/c03-094e.png
c03-094f,155,1,prt,10,9,79,70,forms/c03-094f.png
c03-096a,150,3,all,9,9,67,67,forms/c03-096a.png
c03-096b,151,3,prt,8,7,67,61,forms/c03-096b.png
c03-096c,152,3,all,8,8,67,67,forms/c03-096c.png
c03-096d,153,3,all,9,9,67,67,forms/c03-096d.png
c03-096e,154,3,all,8,8,67,67,forms/c03-096e.png
c03-096f,155,3,all,9,9,67,67,forms/c03-096f.png
c04-000,157,3,all,5,5,50,50,forms/c04-000.png
c04-004,157,3,all,8,8,78,78,forms/c04-004.png
c04-008,158,4,prt,9,6,96,55,forms/c04-008.png
c04-013,158,3,prt,7,5,62,43,forms/c04-013.png
c04-017,159,5,prt,8,7,79,65,forms/c04-017.png
c04-023,160,4,all,6,6,54,54,forms/c04-023.png
c04-028,160,6,prt,8,6,75,58,forms/c04-028.png
c04-035,159,3,prt,8,6,70,49,forms/c04-035.png
c04-039,161,4,prt,9,6,68,41,forms/c04-039.png
c04-044,161,5,prt,9,4,77,30,forms/c04-044.png
c04-050,162,5,all,9,9,82,82,forms/c04-050.png
c04-056,162,4,prt,9,7,77,62,forms/c04-056.png
c04-061,163,4,prt,7,5,66,48,forms/c04-061.png
c04-066,163,8,prt,9,7,87,66,forms/c04-066.png
c04-075,164,4,prt,7,4,85,49,forms/c04-075.png
c04-080,165,8,all,7,7,65,65,forms/c04-080.png
c04-089,166,8,prt,8,5,101,66,forms/c04-089.png
c04-098,166,6,prt,7,6,83,74,forms/c04-098.png
c04-105,167,4,all,8,8,63,63,forms/c04-105.png
c04-110,168,5,prt,4,2,70,32,forms/c04-110.png
c04-116,168,5,all,4,4,77,77,forms/c04-116.png
c04-122,164,5,prt,8,4,106,47,forms/c04-122.png
c04-128,165,5,prt,8,5,80,47,forms/c04-128.png
c04-134,169,4,prt,7,3,77,22,forms/c04-134.png
c04-139,169,4,all,7,7,77,77,forms/c04-139.png
c04-144,170,5,prt,8,6,78,55,forms/c04-144.png
c04-150,170,5,prt,8,6,81,69,forms/c04-150.png
c04-156,171,3,all,7,7,52,52,forms/c04-156.png
c04-160,171,4,prt,10,6,84,49,forms/c04-160.png
c04-165,172,4,prt,9,5,83,41,forms/c04-165.png
c04-170,172,3,all,5,5,37,37,forms/c04-170.png
c06-000,130,4,all,7,7,60,60,forms/c06-000.png
c06-005,125,5,all,9,9,73,73,forms/c06-005.png
c06-011,173,2,all,9,9,70,70,forms/c06-011.png
c06-014,129,5,prt,10,1,76,6,forms/c06-014.png
c06-020,125,6,prt,8,6,74,56,forms/c06-020.png
c06-027,128,3,prt,8,6,79,58,forms/c06-027.png
c06-031,130,7,prt,8,6,71,50,forms/c06-031.png
c06-039,123,3,all,8,8,72,72,forms/c06-039.png
c06-043,133,3,prt,10,9,65,56,forms/c06-043.png
c06-047,132,4,prt,7,5,73,50,forms/c06-047.png
c06-052,126,5,prt,7,4,70,43,forms/c06-052.png
c06-058,131,3,all,7,7,61,61,forms/c06-058.png
c06-076,128,3,prt,10,8,90,73,forms/c06-076.png
c06-080,133,2,prt,10,8,71,55,forms/c06-080.png
c06-083,174,3,all,9,9,82,82,forms/c06-083.png
c06-087,126,3,prt,8,5,78,46,forms/c06-087.png
c06-091,132,3,prt,6,4,72,52,forms/c06-091.png
c06-095,131,4,prt,8,7,69,59,forms/c06-095.png
c06-100,123,2,prt,8,7,80,73,forms/c06-100.png
c06-103,129,2,prt,10,5,67,29,forms/c06-103.png
c06-106,127,4,prt,11,7,80,53,forms/c06-106.png
c06-111,124,4,all,8,8,62,62,forms/c06-111.png
c06-116,133,6,prt,11,10,79,71,forms/c06-116.png
c06-128,128,4,prt,9,8,69,61,forms/c06-128.png
c06-138,129,1,prt,11,6,54,26,forms/c06-138.png
d01-016,175,2,all,4,4,54,54,forms/d01-016.png
d01-019,175,4,all,6,6,89,89,forms/d01-019.png
d01-024,176,3,prt,9,8,65,61,forms/d01-024.png
d01-049,177,2,prt,9,8,76,69,forms/d01-049.png
d01-052,177,3,all,8,8,61,61,forms/d01-052.png
d01-056,178,3,prt,10,9,81,75,forms/d01-056.png
d01-060,178,3,all,10,10,71,71,forms/d01-060.png
d01-080,179,4,all,8,8,77,77,forms/d01-080.png
d01-085,179,4,prt,7,5,72,51,forms/d01-085.png
d01-098,180,5,prt,8,5,82,58,forms/d01-098.png
d01-104,180,5,prt,9,8,87,81,forms/d01-104.png
d01-118,181,4,all,7,7,69,69,forms/d01-118.png
d01-123,181,3,all,8,8,76,76,forms/d01-123.png
d03-112,182,4,all,9,9,70,70,forms/d03-112.png
d03-117,183,4,prt,9,8,75,65,forms/d03-117.png
d04-005,184,2,prt,8,6,71,48,forms/d04-005.png
d04-008,184,3,all,6,6,60,60,forms/d04-008.png
d04-012,185,3,prt,11,8,90,69,forms/d04-012.png
d04-016,185,4,prt,9,5,67,37,forms/d04-016.png
d04-021,186,6,all,8,8,74,74,forms/d04-021.png
d04-028,186,3,prt,7,4,86,44,forms/d04-028.png
d04-032,187,4,prt,11,8,101,71,forms/d04-032.png
d04-037,187,3,prt,7,4,67,34,forms/d04-037.png
d04-047,188,2,prt,9,8,69,66,forms/d04-047.png
d04-050,189,2,prt,6,5,64,56,forms/d04-050.png
d04-053,188,4,prt,11,8,100,72,forms/d04-053.png
d04-058,190,3,prt,7,2,80,23,forms/d04-058.png
d04-062,190,3,prt,5,3,62,37,forms/d04-062.png
d04-066,191,4,prt,10,6,99,50,forms/d04-066.png
d04-071,192,3,prt,8,7,67,61,forms/d04-071.png
d04-075,192,5,prt,10,8,93,72,forms/d04-075.png
d04-081,193,4,prt,9,8,70,63,forms/d04-081.png
d04-086,194,2,prt,7,5,82,50,forms/d04-086.png
d04-089,194,6,prt,8,5,85,45,forms/d04-089.png
d04-096,195,4,prt,8,5,93,50,forms/d04-096.png
d04-101,195,5,prt,6,5,74,62,forms/d04-101.png
d04-111,196,5,prt,12,8,102,66,forms/d04-111.png
d04-117,197,3,prt,8,6,80,60,forms/d04-117.png
d04-121,197,3,prt,7,4,75,38,forms/d04-121.png
d04-125,198,5,prt,6,5,78,63,forms/d04-125.png
d04-131,198,5,prt,7,6,79,60,forms/d04-131.png
d05-008,199,4,all,8,8,67,67,forms/d05-008.png
d05-013,200,7,prt,9,3,87,26,forms/d05-013.png
d05-021,199,3,prt,9,5,87,52,forms/d05-021.png
d05-025,199,4,all,10,10,74,74,forms/d05-025.png
d05-030,199,5,all,9,9,78,78,forms/d05-030.png
d05-040,201,5,prt,6,5,63,53,forms/d05-040.png
d06-000,202,2,all,10,10,81,81,forms/d06-000.png
d06-003,203,4,all,7,7,84,84,forms/d06-003.png
d06-008,173,2,all,10,10,77,77,forms/d06-008.png
d06-011,204,3,all,10,10,71,71,forms/d06-011.png
d06-015,174,4,all,6,6,65,65,forms/d06-015.png
d06-020,173,4,all,10,10,82,82,forms/d06-020.png
d06-025,205,1,prt,8,5,65,41,forms/d06-025.png
d06-027,206,2,prt,8,7,70,60,forms/d06-027.png
d06-030,174,6,prt,6,5,63,60,forms/d06-030.png
d06-037,207,3,all,8,8,65,65,forms/d06-037.png
d06-041,208,4,all,8,8,66,66,forms/d06-041.png
d06-046,173,3,prt,10,8,87,68,forms/d06-046.png
d06-050,174,5,all,7,7,78,78,forms/d06-050.png
d06-056,206,3,prt,9,7,75,61,forms/d06-056.png
d06-060,208,2,all,10,10,76,76,forms/d06-060.png
d06-063,173,3,prt,11,10,93,84,forms/d06-063.png
d06-067,205,4,prt,10,7,73,47,forms/d06-067.png
d06-072,207,3,prt,11,8,97,75,forms/d06-072.png
d06-076,203,5,prt,6,5,73,59,forms/d06-076.png
d06-082,174,3,prt,6,5,63,49,forms/d06-082.png
d06-086,208,4,all,11,11,97,97,forms/d06-086.png
d06-091,202,4,prt,11,10,90,82,forms/d06-091.png
d06-096,206,3,prt,9,8,80,74,forms/d06-096.png
d06-100,207,3,prt,8,7,68,59,forms/d06-100.png
d06-104,205,2,all,11,11,72,72,forms/d06-104.png
d06-107,204,3,prt,11,8,78,56,forms/d06-107.png
d06-111,203,1,prt,7,5,82,64,forms/d06-111.png
d06-113,208,3,prt,5,3,45,22,forms/d06-113.png
d07-082,209,2,all,9,9,70,70,forms/d07-082.png
d07-085,209,3,all,8,8,66,66,forms/d07-085.png
d07-089,209,3,prt,11,10,93,83,forms/d07-089.png
d07-093,209,2,prt,9,8,69,64,forms/d07-093.png
d07-096,209,3,prt,10,6,89,50,forms/d07-096.png
d07-100,209,1,prt,10,9,76,69,forms/d07-100.png
d07-102,209,3,prt,8,7,74,66,forms/d07-102.png
e01-014,210,3,all,7,7,66,66,forms/e01-014.png
e01-018,210,3,prt,9,8,80,70,forms/e01-018.png
e01-022,211,2,all,7,7,48,48,forms/e01-022.png
e01-025,211,3,all,11,11,81,81,forms/e01-025.png
e01-029,212,2,all,9,9,68,68,forms/e01-029.png
e01-032,212,2,all,11,11,89,89,forms/e01-032.png
e01-035,212,2,prt,8,7,64,56,forms/e01-035.png
e01-050,213,4,all,8,8,61,61,forms/e01-050.png
e01-055,181,3,all,10,10,81,81,forms/e01-055.png
e01-059,213,2,all,7,7,62,62,forms/e01-059.png
e01-062,213,3,all,8,8,67,67,forms/e01-062.png
e01-081,214,4,prt,6,5,61,51,forms/e01-081.png
e01-086,214,5,prt,7,3,79,32,forms/e01-086.png
e01-092,215,4,all,8,8,70,70,forms/e01-092.png
e01-102,215,4,all,9,9,80,80,forms/e01-102.png
e01-107,216,5,all,10,10,83,83,forms/e01-107.png
e01-113,216,5,all,8,8,65,65,forms/e01-113.png
e01-119,217,6,all,8,8,79,79,forms/e01-119.png
e02-000,218,3,prt,8,7,64,55,forms/e02-000.png
e02-014,219,3,prt,7,5,60,50,forms/e02-014.png
e02-018,220,2,all,7,7,57,57,forms/e02-018.png
e02-021,221,3,prt,9,3,80,26,forms/e02-021.png
e02-025,222,2,prt,11,10,72,59,forms/e02-025.png
e02-074,223,3,prt,11,9,90,72,forms/e02-074.png
e02-082,224,3,prt,9,5,70,42,forms/e02-082.png
e02-086,225,4,all,10,10,103,103,forms/e02-086.png
e02-091,226,2,prt,9,7,61,42,forms/e02-091.png
e02-094,227,5,all,10,10,76,76,forms/e02-094.png
e02-100,228,3,prt,7,6,70,60,forms/e02-100.png
e02-117,229,3,prt,9,8,74,62,forms/e02-117.png
e04-000,158,3,all,8,8,64,64,forms/e04-000.png
e04-004,230,3,all,7,7,80,80,forms/e04-004.png
e04-008,230,2,prt,5,3,57,27,forms/e04-008.png
e04-011,231,3,all,9,9,72,72,forms/e04-011.png
e04-015,231,3,prt,8,7,69,58,forms/e04-015.png
e04-019,232,2,prt,9,8,62,56,forms/e04-019.png
e04-022,232,3,prt,8,6,66,54,forms/e04-022.png
e04-026,233,3,prt,7,4,73,41,forms/e04-026.png
e04-030,233,3,prt,7,6,69,58,forms/e04-030.png
e04-034,234,3,prt,8,5,83,44,forms/e04-034.png
e04-038,234,4,prt,7,6,63,53,forms/e04-038.png
e04-043,235,3,all,8,8,64,64,forms/e04-043.png
e04-052,235,5,prt,8,5,92,50,forms/e04-052.png
e04-058,236,3,all,7,7,70,70,forms/e04-058.png
e04-062,237,5,prt,9,4,87,31,forms/e04-062.png
e04-068,237,5,prt,7,4,78,44,forms/e04-068.png
e04-079,238,3,prt,10,8,61,47,forms/e04-079.png
e04-083,239,2,all,7,7,62,62,forms/e04-083.png
e04-086,240,4,prt,7,4,70,34,forms/e04-086.png
e04-091,241,3,prt,6,5,55,45,forms/e04-091.png
e04-095,241,3,all,7,7,64,64,forms/e04-095.png
e04-099,241,3,all,7,7,70,70,forms/e04-099.png
e04-103,242,5,prt,7,6,73,62,forms/e04-103.png
e04-109,242,4,prt,7,6,67,58,forms/e04-109.png
e04-114,242,4,prt,8,7,81,69,forms/e04-114.png
e04-119,243,4,prt,6,4,63,48,forms/e04-119.png
e04-124,243,2,prt,7,4,74,40,forms/e04-124.png
e04-127,243,4,prt,7,5,68,51,forms/e04-127.png
e04-132,241,1,all,5,5,37,37,forms/e04-132.png
e06-000,206,2,prt,8,7,59,52,forms/e06-000.png
e06-003,204,2,prt,11,6,76,38,forms/e06-003.png
e06-006,202,3,all,11,11,78,78,forms/e06-006.png
e06-010,203,4,all,8,8,81,81,forms/e06-010.png
e06-015,204,5,prt,10,8,65,50,forms/e06-015.png
e06-021,206,4,all,11,11,84,84,forms/e06-021.png
e06-026,205,3,prt,10,9,57,52,forms/e06-026.png
e06-030,204,2,prt,11,7,85,53,forms/e06-030.png
e06-033,207,3,prt,10,9,96,85,forms/e06-033.png
e06-037,202,3,all,11,11,84,84,forms/e06-037.png
e06-041,202,4,all,10,10,71,71,forms/e06-041.png
e06-046,203,2,prt,6,3,74,35,forms/e06-046.png
e06-049,205,3,prt,10,7,74,49,forms/e06-049.png
e06-053,208,3,all,9,9,72,72,forms/e06-053.png
e06-070,207,4,prt,10,8,84,69,forms/e06-070.png
e07-000,085,2,prt,7,6,61,52,forms/e07-000.png
e07-003,244,3,prt,10,7,78,56,forms/e07-003.png
e07-007,245,4,all,8,8,70,70,forms/e07-007.png
e07-012,246,3,prt,12,10,84,68,forms/e07-012.png
e07-061,246,4,all,11,11,90,90,forms/e07-061.png
e07-066,246,2,all,9,9,66,66,forms/e07-066.png
e07-072,246,3,prt,12,11,91,81,forms/e07-072.png
e07-076,247,2,prt,10,9,80,73,forms/e07-076.png
e07-079,247,3,prt,11,9,78,63,forms/e07-079.png
e07-083,247,2,all,11,11,83,83,forms/e07-083.png
e07-086,247,3,all,10,10,73,73,forms/e07-086.png
e07-090,247,3,prt,10,9,73,64,forms/e07-090.png
e07-094,248,3,prt,9,7,76,63,forms/e07-094.png
e07-098,248,2,all,10,10,87,87,forms/e07-098.png
e07-101,248,3,all,11,11,94,94,forms/e07-101.png
e07-105,248,2,all,8,8,57,57,forms/e07-105.png
e07-108,248,3,prt,11,10,85,78,forms/e07-108.png
e07-112,249,2,all,6,6,45,45,forms/e07-112.png
f01-053,250,4,prt,9,6,71,49,forms/f01-053.png
f01-058,250,3,all,10,10,74,74,forms/f01-058.png
f01-066,251,3,prt,10,5,118,57,forms/f01-066.png
f01-070,252,4,prt,9,7,85,68,forms/f01-070.png
f01-075,253,5,all,11,11,89,89,forms/f01-075.png
f01-081,254,3,prt,7,2,63,20,forms/f01-081.png
f01-085,254,3,prt,7,4,74,36,forms/f01-085.png
f01-135,255,3,all,11,11,57,57,forms/f01-135.png
f01-139,217,3,prt,8,7,76,63,forms/f01-139.png
f01-143,256,3,prt,7,6,66,56,forms/f01-143.png
f01-147,256,3,all,9,9,84,84,forms/f01-147.png
f02-000,257,2,prt,9,6,71,48,forms/f02-000.png
f02-003,258,2,all,6,6,55,55,forms/f02-003.png
f02-017,259,2,all,9,9,79,79,forms/f02-017.png
f02-020,260,3,all,8,8,82,82,forms/f02-020.png
f02-030,261,2,prt,7,5,67,44,forms/f02-030.png
f02-033,259,3,prt,12,9,87,70,forms/f02-033.png
f02-036,262,1,prt,9,8,80,68,forms/f02-036.png
f02-038,263,1,prt,11,8,75,56,forms/f02-038.png
f02-040,264,3,prt,10,9,81,72,forms/f02-040.png
f02-044,265,3,prt,11,10,115,106,forms/f02-044.png
f02-076,266,3,all,10,10,72,72,forms/f02-076.png
f03-169,267,4,all,7,7,69,69,forms/f03-169.png
f03-174,268,7,all,6,6,69,69,forms/f03-174.png
f03-182,269,8,prt,8,6,84,70,forms/f03-182.png
f03-191,270,9,all,7,7,69,69,forms/f03-191.png
f04-004,272,2,all,8,8,69,69,forms/f04-004.png
f04-007,273,3,prt,7,6,62,53,forms/f04-007.png
f04-011,272,4,prt,11,10,102,92,forms/f04-011.png
f04-016,272,3,prt,8,7,70,61,forms/f04-016.png
f04-020,274,3,all,6,6,77,77,forms/f04-020.png
f04-024,275,3,prt,8,6,74,57,forms/f04-024.png
f04-028,275,3,prt,11,8,102,74,forms/f04-028.png
f04-032,276,2,prt,10,7,91,57,forms/f04-032.png
f04-035,276,3,prt,6,5,58,46,forms/f04-035.png
f04-039,277,3,prt,9,7,75,57,forms/f04-039.png
f04-043,277,2,prt,8,5,67,41,forms/f04-043.png
f04-046,278,2,prt,6,5,63,52,forms/f04-046.png
f04-049,278,3,prt,7,6,90,77,forms/f04-049.png
f04-053,279,3,prt,7,6,70,60,forms/f04-053.png
f04-057,279,3,all,10,10,79,79,forms/f04-057.png
f04-061,280,2,prt,8,7,69,59,forms/f04-061.png
f04-064,280,3,prt,9,8,74,65,forms/f04-064.png
f04-068,281,2,prt,8,5,70,42,forms/f04-068.png
f04-071,281,2,prt,10,5,89,43,forms/f04-071.png
f04-074,282,4,prt,12,9,115,83,forms/f04-074.png
f04-079,282,3,all,11,11,96,96,forms/f04-079.png
f04-083,283,3,prt,10,5,108,52,forms/f04-083.png
f04-087,283,2,all,6,6,68,68,forms/f04-087.png
f04-093,193,2,prt,10,9,76,70,forms/f04-093.png
f04-096,193,3,all,11,11,71,71,forms/f04-096.png
f04-100,193,2,all,11,11,75,75,forms/f04-100.png
f07-000,285,1,prt,9,6,59,38,forms/f07-000.png
f07-000b,286,1,all,7,7,57,57,forms/f07-000b.png
f07-002,286,3,all,9,9,76,76,forms/f07-002.png
f07-006,286,2,all,7,7,59,59,forms/f07-006.png
f07-009,286,3,prt,10,8,87,68,forms/f07-009.png
f07-013,287,2,prt,11,9,77,59,forms/f07-013.png
f07-016,287,2,prt,11,7,91,59,forms/f07-016.png
f07-019a,288,1,prt,9,6,71,44,forms/f07-019a.png
f07-019b,287,1,all,11,11,69,69,forms/f07-019b.png
f07-021a,288,2,prt,8,5,80,46,forms/f07-021a.png
f07-021b,287,2,prt,10,7,80,58,forms/f07-021b.png
f07-024a,288,3,prt,9,5,81,37,forms/f07-024a.png
f07-024b,287,3,prt,11,8,82,54,forms/f07-024b.png
f07-028a,288,3,prt,10,9,89,77,forms/f07-028a.png
f07-028b,289,3,all,12,12,89,89,forms/f07-028b.png
f07-032a,288,3,prt,11,7,86,53,forms/f07-032a.png
f07-032b,289,3,prt,12,10,88,74,forms/f07-032b.png
f07-036,289,2,all,9,9,63,63,forms/f07-036.png
f07-039a,285,2,prt,7,6,47,38,forms/f07-039a.png
f07-039b,289,2,prt,9,7,64,47,forms/f07-039b.png
f07-042a,285,3,prt,8,7,62,52,forms/f07-042a.png
f07-042b,289,3,all,8,8,62,62,forms/f07-042b.png
f07-046a,285,3,prt,10,6,82,44,forms/f07-046a.png
f07-046b,290,3,all,9,9,82,82,forms/f07-046b.png
f07-069,291,3,all,10,10,93,93,forms/f07-069.png
f07-073,291,2,prt,10,9,92,83,forms/f07-073.png
f07-076a,292,4,prt,11,10,71,64,forms/f07-076a.png
f07-081a,292,2,all,11,11,66,66,forms/f07-081a.png
f07-096,293,4,all,7,7,74,74,forms/f07-096.png
f07-081b,291,2,all,7,7,66,66,forms/f07-081b.png
f07-084a,292,3,all,11,11,82,82,forms/f07-084a.png
f07-084b,291,3,prt,9,8,95,85,forms/f07-084b.png
f07-088a,292,3,prt,10,9,66,61,forms/f07-088a.png
f07-088b,293,3,all,7,7,66,66,forms/f07-088b.png
f07-092a,292,3,all,9,9,67,67,forms/f07-092a.png
f07-092b,293,3,prt,7,6,68,56,forms/f07-092b.png
f07-101a,294,1,all,8,8,52,52,forms/f07-101a.png
f07-101b,293,1,all,5,5,52,52,forms/f07-101b.png
g01-000,217,3,all,9,9,79,79,forms/g01-000.png
g01-004,295,3,all,6,6,56,56,forms/g01-004.png
g01-008,295,3,all,9,9,87,87,forms/g01-008.png
g01-012,296,3,all,7,7,57,57,forms/g01-012.png
g01-016,296,2,all,8,8,66,66,forms/g01-016.png
g01-019,296,2,prt,10,9,80,71,forms/g01-019.png
g01-022,297,2,all,10,10,60,60,forms/g01-022.png
g01-025,297,1,all,10,10,66,66,forms/g01-025.png
g01-027,297,3,prt,10,9,67,59,forms/g01-027.png
g01-031,298,2,prt,11,10,83,77,forms/g01-031.png
g01-034,298,2,all,9,9,78,78,forms/g01-034.png
g01-037,298,1,all,10,10,76,76,forms/g01-037.png
g01-039,299,3,all,10,10,85,85,forms/g01-039.png
g01-043,299,1,prt,10,8,80,64,forms/g01-043.png
g01-045,299,2,prt,10,9,83,76,forms/g01-045.png
g01-067,300,2,all,10,10,82,82,forms/g01-067.png
g01-070,300,3,all,10,10,74,74,forms/g01-070.png
g01-074,300,4,all,10,10,79,79,forms/g01-074.png
g01-083,301,4,prt,11,10,115,102,forms/g01-083.png
g01-088,302,2,prt,10,7,79,55,forms/g01-088.png
g02-059,303,2,all,8,8,85,85,forms/g02-059.png
g02-062,304,2,all,10,10,93,93,forms/g02-062.png
g02-065,305,3,prt,10,9,75,68,forms/g02-065.png
g02-073,307,1,prt,6,2,46,16,forms/g02-073.png
g03-000,308,4,prt,10,6,81,41,forms/g03-000.png
g03-004,309,3,prt,6,1,70,13,forms/g03-004.png
g03-016,310,1,prt,9,7,75,61,forms/g03-016.png
g03-032,312,3,prt,8,7,72,63,forms/g03-032.png
g03-040,313,2,prt,8,5,71,40,forms/g03-040.png
g03-043,314,5,prt,11,7,78,50,forms/g03-043.png
g03-049,315,2,prt,8,7,62,55,forms/g03-049.png
g03-052,316,5,prt,11,10,90,81,forms/g03-052.png
g03-058,317,1,prt,8,7,63,54,forms/g03-058.png
g03-064,318,1,prt,8,6,63,48,forms/g03-064.png
g04-003,239,3,prt,9,8,65,58,forms/g04-003.png
g04-007,273,3,all,8,8,69,69,forms/g04-007.png
g04-011,273,2,all,9,9,72,72,forms/g04-011.png
g04-014,273,2,all,6,6,50,50,forms/g04-014.png
g04-017,274,4,all,8,8,99,99,forms/g04-017.png
g04-022,319,3,all,8,8,70,70,forms/g04-022.png
g04-026,274,5,all,7,7,90,90,forms/g04-026.png
g04-032,274,3,prt,6,5,69,56,forms/g04-032.png
g04-036,320,2,prt,8,5,83,52,forms/g04-036.png
g04-039,320,3,prt,8,6,80,55,forms/g04-039.png
g04-043,321,4,prt,9,8,94,82,forms/g04-043.png
g04-048,321,3,prt,8,7,68,57,forms/g04-048.png
g04-052,322,2,prt,7,6,64,53,forms/g04-052.png
g04-055,323,4,prt,10,8,81,65,forms/g04-055.png
g04-060,324,2,prt,7,6,78,65,forms/g04-060.png
g04-063,324,4,prt,10,7,111,74,forms/g04-063.png
g04-068,325,3,prt,10,5,112,53,forms/g04-068.png
g04-072,325,4,prt,9,6,82,52,forms/g04-072.png
g04-077,326,3,prt,7,6,74,72,forms/g04-077.png
g04-081,327,2,prt,6,5,65,60,forms/g04-081.png
g04-088,328,3,prt,12,9,94,70,forms/g04-088.png
g04-092,328,2,prt,11,4,84,30,forms/g04-092.png
g04-095,273,2,prt,9,7,73,55,forms/g04-095.png
g04-098,329,2,prt,7,5,61,45,forms/g04-098.png
g04-101,329,2,prt,7,6,57,50,forms/g04-101.png
g04-104,330,3,all,9,9,91,91,forms/g04-104.png
g04-108,330,1,all,3,3,23,23,forms/g04-108.png
g05-087,331,2,prt,7,6,60,49,forms/g05-087.png
g05-094,119,3,all,10,10,82,82,forms/g05-094.png
g05-098,118,2,all,7,7,83,83,forms/g05-098.png
g06-011a,332,6,all,11,11,111,111,forms/g06-011a.png
g06-011b,333,6,all,11,11,100,100,forms/g06-011b.png
g06-011c,334,6,all,10,10,109,109,forms/g06-011c.png
g06-011e,336,6,all,9,9,109,109,forms/g06-011e.png
g06-011f,337,6,all,8,8,109,109,forms/g06-011f.png
g06-011g,338,6,all,9,9,109,109,forms/g06-011g.png
g06-011h,339,6,prt,10,8,109,86,forms/g06-011h.png
g06-011i,340,6,prt,9,7,109,82,forms/g06-011i.png
g06-011j,341,6,prt,11,9,109,87,forms/g06-011j.png
g06-011k,342,6,all,11,11,109,109,forms/g06-011k.png
g06-011l,343,6,prt,9,6,109,68,forms/g06-011l.png
g06-011m,344,6,prt,10,9,109,95,forms/g06-011m.png
g06-011n,345,6,prt,11,8,87,58,forms/g06-011n.png
g06-011o,346,6,all,11,11,110,110,forms/g06-011o.png
g06-011p,347,6,prt,9,8,109,93,forms/g06-011p.png
g06-011r,348,6,all,9,9,109,109,forms/g06-011r.png
g06-018a,332,3,all,8,8,85,85,forms/g06-018a.png
g06-018b,333,3,prt,10,8,85,68,forms/g06-018b.png
g06-018c,334,3,prt,8,7,85,78,forms/g06-018c.png
g06-018d,335,3,prt,8,6,85,64,forms/g06-018d.png
g06-018e,336,3,all,7,7,85,85,forms/g06-018e.png
g06-018f,337,3,all,6,6,85,85,forms/g06-018f.png
g06-018g,338,3,prt,7,6,85,70,forms/g06-018g.png
g06-018h,339,3,prt,8,6,85,64,forms/g06-018h.png
g06-018i,340,3,prt,7,6,85,73,forms/g06-018i.png
g06-018j,341,3,all,9,9,85,85,forms/g06-018j.png
g06-018k,342,3,prt,8,7,86,74,forms/g06-018k.png
g06-018l,343,3,prt,7,5,85,60,forms/g06-018l.png
g06-018m,344,3,all,8,8,85,85,forms/g06-018m.png
g06-018n,345,3,prt,11,10,77,70,forms/g06-018n.png
g06-018o,346,3,all,10,10,86,86,forms/g06-018o.png
g06-018p,347,3,all,8,8,85,85,forms/g06-018p.png
g06-018r,348,3,prt,7,5,85,58,forms/g06-018r.png
g06-026a,332,4,prt,7,6,64,51,forms/g06-026a.png
g06-026b,333,4,prt,9,8,64,56,forms/g06-026b.png
g06-026c,334,4,all,6,6,64,64,forms/g06-026c.png
g06-026d,335,4,all,6,6,66,66,forms/g06-026d.png
g06-026e,336,4,all,6,6,64,64,forms/g06-026e.png
g06-026f,337,4,prt,5,4,64,50,forms/g06-026f.png
g06-026g,338,4,all,5,5,64,64,forms/g06-026g.png
g06-026h,339,4,prt,6,4,64,45,forms/g06-026h.png
g06-026i,340,4,all,6,6,64,64,forms/g06-026i.png
g06-026j,341,4,prt,7,5,64,44,forms/g06-026j.png
g06-026k,342,4,all,7,7,64,64,forms/g06-026k.png
g06-026l,343,4,all,6,6,64,64,forms/g06-026l.png
g06-026m,344,4,all,7,7,64,64,forms/g06-026m.png
g06-026n,345,4,prt,8,7,65,55,forms/g06-026n.png
g06-026o,346,4,all,8,8,65,65,forms/g06-026o.png
g06-026p,347,4,all,6,6,64,64,forms/g06-026p.png
g06-026r,348,4,prt,6,5,64,55,forms/g06-026r.png
g06-031a,332,5,prt,9,6,85,63,forms/g06-031a.png
g06-031b,333,5,prt,11,10,85,81,forms/g06-031b.png
g06-031c,334,5,prt,8,7,86,79,forms/g06-031c.png
g06-031d,335,5,prt,8,7,85,75,forms/g06-031d.png
g06-031e,336,5,prt,7,6,86,73,forms/g06-031e.png
g06-031f,337,5,all,6,6,85,85,forms/g06-031f.png
g06-031g,338,5,all,7,7,85,85,forms/g06-031g.png
g06-031h,339,5,prt,9,6,85,64,forms/g06-031h.png
g06-031i,340,5,prt,7,5,85,57,forms/g06-031i.png
g06-031j,341,5,prt,10,7,85,53,forms/g06-031j.png
g06-031k,342,5,all,9,9,85,85,forms/g06-031k.png
g06-031l,343,5,prt,7,6,85,72,forms/g06-031l.png
g06-031m,344,5,all,9,9,85,85,forms/g06-031m.png
g06-031n,345,5,prt,11,9,86,73,forms/g06-031n.png
g06-031o,346,5,all,11,11,86,86,forms/g06-031o.png
g06-031p,347,5,prt,8,7,86,82,forms/g06-031p.png
g06-031r,348,5,prt,8,6,85,72,forms/g06-031r.png
g06-037b,333,4,all,10,10,77,77,forms/g06-037b.png
g06-037c,334,4,prt,11,10,93,85,forms/g06-037c.png
g06-037d,335,4,all,10,10,95,95,forms/g06-037d.png
g06-037e,336,4,all,9,9,94,94,forms/g06-037e.png
g06-037f,337,4,all,8,8,93,93,forms/g06-037f.png
g06-037g,338,4,all,9,9,93,93,forms/g06-037g.png
g06-037h,339,4,all,11,11,94,94,forms/g06-037h.png
g06-037i,340,4,all,10,10,93,93,forms/g06-037i.png
g06-037j,341,4,prt,11,10,89,81,forms/g06-037j.png
g06-037k,342,4,all,10,10,93,93,forms/g06-037k.png
g06-037l,343,4,prt,10,9,93,85,forms/g06-037l.png
g06-037m,344,4,all,11,11,93,93,forms/g06-037m.png
g06-037n,345,4,prt,11,8,81,58,forms/g06-037n.png
g06-037o,346,4,prt,11,10,83,76,forms/g06-037o.png
g06-037p,347,4,prt,10,9,93,85,forms/g06-037p.png
g06-037r,348,4,all,10,10,93,93,forms/g06-037r.png
g06-042a,332,2,all,7,7,58,58,forms/g06-042a.png
g06-042b,333,2,all,8,8,58,58,forms/g06-042b.png
g06-042c,334,2,prt,6,5,58,45,forms/g06-042c.png
g06-042d,335,2,prt,5,4,58,44,forms/g06-042d.png
g06-042e,336,2,all,6,6,58,58,forms/g06-042e.png
g06-042f,337,2,prt,5,4,58,53,forms/g06-042f.png
g06-042g,338,2,all,5,5,58,58,forms/g06-042g.png
g06-042h,339,2,prt,7,6,58,45,forms/g06-042h.png
g06-042i,340,2,all,5,5,58,58,forms/g06-042i.png
g06-042j,341,2,prt,7,6,58,48,forms/g06-042j.png
g06-042k,342,2,all,6,6,58,58,forms/g06-042k.png
g06-042l,343,2,prt,5,4,58,46,forms/g06-042l.png
g06-042m,344,2,all,7,7,58,58,forms/g06-042m.png
g06-042n,345,2,prt,8,6,58,46,forms/g06-042n.png
g06-042o,346,2,prt,8,6,59,44,forms/g06-042o.png
g06-042p,347,2,all,6,6,58,58,forms/g06-042p.png
g06-042r,348,2,prt,6,5,58,47,forms/g06-042r.png
g06-045a,332,1,all,8,8,64,64,forms/g06-045a.png
g06-045b,333,1,all,10,10,64,64,forms/g06-045b.png
g06-045c,334,1,prt,7,6,64,54,forms/g06-045c.png
g06-045d,335,1,prt,7,6,64,53,forms/g06-045d.png
g06-045e,336,1,prt,7,5,64,44,forms/g06-045e.png
g06-045f,337,1,prt,6,5,64,51,forms/g06-045f.png
g06-045g,338,1,all,6,6,64,64,forms/g06-045g.png
g06-045h,339,1,prt,8,5,64,35,forms/g06-045h.png
g06-045i,340,1,prt,7,6,64,60,forms/g06-045i.png
g06-045j,341,1,all,9,9,65,65,forms/g06-045j.png
g06-045k,342,1,prt,7,6,64,54,forms/g06-045k.png
g06-045l,343,1,all,7,7,64,64,forms/g06-045l.png
g06-045m,344,1,all,9,9,64,64,forms/g06-045m.png
g06-045n,345,1,all,10,10,65,65,forms/g06-045n.png
g06-045o,346,1,all,10,10,66,66,forms/g06-045o.png
g06-045p,347,1,all,7,7,64,64,forms/g06-045p.png
g06-045r,348,1,prt,7,6,64,54,forms/g06-045r.png
g06-047a,332,2,prt,8,6,67,51,forms/g06-047a.png
g06-047b,333,2,all,8,8,66,66,forms/g06-047b.png
g06-047c,334,2,prt,8,7,66,56,forms/g06-047c.png
g06-047d,335,2,all,7,7,66,66,forms/g06-047d.png
g06-047e,336,2,all,6,6,66,66,forms/g06-047e.png
g06-047f,337,2,prt,6,5,66,63,forms/g06-047f.png
g06-047g,338,2,prt,6,5,66,57,forms/g06-047g.png
g06-047h,339,2,prt,7,6,66,55,forms/g06-047h.png
g06-047i,340,2,prt,7,6,66,57,forms/g06-047i.png
g06-047j,341,2,all,9,9,66,66,forms/g06-047j.png
g06-047k,342,2,prt,8,6,66,47,forms/g06-047k.png
g06-047l,343,2,prt,7,6,66,59,forms/g06-047l.png
g06-047m,344,2,prt,9,8,66,57,forms/g06-047m.png
g06-047n,345,2,prt,9,7,66,50,forms/g06-047n.png
g06-047o,346,2,all,9,9,67,67,forms/g06-047o.png
g06-047p,347,2,all,7,7,66,66,forms/g06-047p.png
g06-047r,348,2,all,7,7,66,66,forms/g06-047r.png
g06-050a,332,3,all,9,9,76,76,forms/g06-050a.png
g06-050b,333,3,all,9,9,75,75,forms/g06-050b.png
g06-050c,334,3,prt,9,8,76,68,forms/g06-050c.png
g06-050d,335,3,prt,8,7,75,68,forms/g06-050d.png
g06-050e,336,3,all,7,7,75,75,forms/g06-050e.png
g06-050f,337,3,all,6,6,75,75,forms/g06-050f.png
g06-050g,338,3,all,7,7,75,75,forms/g06-050g.png
g06-050h,339,3,prt,8,7,75,65,forms/g06-050h.png
g06-050i,340,3,prt,8,7,75,66,forms/g06-050i.png
g06-050j,341,3,all,10,10,75,75,forms/g06-050j.png
g06-050k,342,3,all,9,9,75,75,forms/g06-050k.png
g06-050l,343,3,prt,8,7,75,67,forms/g06-050l.png
g06-050m,344,3,prt,10,8,75,59,forms/g06-050m.png
g06-050n,345,3,prt,11,8,72,54,forms/g06-050n.png
g06-050o,346,3,prt,10,7,78,55,forms/g06-050o.png
g06-050p,347,3,prt,7,6,75,66,forms/g06-050p.png
g06-050r,348,3,all,8,8,75,75,forms/g06-050r.png
g06-089,349,3,prt,10,7,84,54,forms/g06-089.png
g06-093,349,2,prt,8,7,76,67,forms/g06-093.png
g06-096,349,4,prt,7,5,76,54,forms/g06-096.png
g06-101,349,3,all,7,7,65,65,forms/g06-101.png
g06-105,349,3,all,7,7,62,62,forms/g06-105.png
g06-109,349,2,prt,8,6,76,62,forms/g06-109.png
g06-115,349,2,prt,5,4,48,39,forms/g06-115.png
g07-000a,294,2,prt,12,10,88,74,forms/g07-000a.png
g07-000b,293,2,prt,10,9,92,82,forms/g07-000b.png
g07-003a,294,3,prt,11,10,83,74,forms/g07-003a.png
g07-003b,350,3,prt,10,6,103,58,forms/g07-003b.png
g07-007a,294,2,all,11,11,78,78,forms/g07-007a.png
g07-007b,350,2,prt,7,4,77,45,forms/g07-007b.png
g07-010b,350,3,prt,10,4,98,36,forms/g07-010b.png
g07-014,351,3,all,8,8,59,59,forms/g07-014.png
g07-014b,350,3,prt,5,4,59,50,forms/g07-014b.png
g07-018a,351,3,prt,11,8,103,78,forms/g07-018a.png
g07-022a,351,3,all,9,9,67,67,forms/g07-022a.png
g07-022b,352,3,prt,7,6,67,56,forms/g07-022b.png
g07-026a,351,1,all,10,10,82,82,forms/g07-026a.png
g07-026b,352,1,all,9,9,82,82,forms/g07-026b.png
g07-028a,351,1,prt,7,6,52,44,forms/g07-028a.png
g07-028b,352,1,all,7,7,53,53,forms/g07-028b.png
g07-030,352,3,all,10,10,81,81,forms/g07-030.png
g07-034,352,3,prt,7,6,62,52,forms/g07-034.png
g07-038,353,3,all,11,11,83,83,forms/g07-038.png
g07-042,353,1,all,10,10,87,87,forms/g07-042.png
g07-044,353,2,all,11,11,102,102,forms/g07-044.png
g07-047,353,2,all,11,11,101,101,forms/g07-047.png
g07-050,353,4,all,8,8,71,71,forms/g07-050.png
g07-065,354,3,all,9,9,62,62,forms/g07-065.png
g07-069a,354,1,all,9,9,67,67,forms/g07-069a.png
g07-071a,354,2,prt,11,10,86,77,forms/g07-071a.png
g07-074a,354,2,all,11,11,81,81,forms/g07-074a.png
g07-077a,354,1,all,10,10,75,75,forms/g07-077a.png
g07-079a,285,2,prt,12,6,89,46,forms/g07-079a.png
g07-084,355,4,prt,8,5,97,63,forms/g07-084.png
h01-000,356,3,prt,11,8,83,59,forms/h01-000.png
h01-004,301,2,all,6,6,62,62,forms/h01-004.png
h01-007,356,2,prt,10,9,73,67,forms/h01-007.png
h01-010,357,3,prt,8,7,72,64,forms/h01-010.png
h01-014,357,3,prt,9,7,87,68,forms/h01-014.png
h01-018,357,1,prt,7,5,62,41,forms/h01-018.png
h01-024,359,2,prt,9,8,83,71,forms/h01-024.png
h01-027,360,2,prt,11,10,84,75,forms/h01-027.png
h01-030,361,3,all,10,10,57,57,forms/h01-030.png
h02-004,362,3,all,10,10,81,81,forms/h02-004.png
h02-008,363,3,prt,7,5,68,46,forms/h02-008.png
h02-012,364,4,prt,10,8,75,58,forms/h02-012.png
h02-017,365,1,all,8,8,66,66,forms/h02-017.png
h02-019,366,2,prt,9,6,84,53,forms/h02-019.png
h02-022,367,1,prt,9,6,81,53,forms/h02-022.png
h02-024,368,3,all,8,8,65,65,forms/h02-024.png
h02-028,369,3,all,9,9,79,79,forms/h02-028.png
h02-035,370,1,prt,10,7,91,57,forms/h02-035.png
h02-037,371,2,prt,10,9,62,56,forms/h02-037.png
h02-040,372,2,prt,10,7,75,52,forms/h02-040.png
h02-043,373,2,prt,10,6,68,35,forms/h02-043.png
h02-049,375,2,prt,8,5,79,53,forms/h02-049.png
h04-000,239,2,all,10,10,70,70,forms/h04-000.png
h04-007,330,2,prt,9,6,88,56,forms/h04-007.png
h04-021,330,3,prt,9,8,84,75,forms/h04-021.png
h04-025,274,2,all,7,7,89,89,forms/h04-025.png
h04-028,376,2,prt,11,6,81,34,forms/h04-028.png
h04-035,377,3,prt,8,3,79,27,forms/h04-035.png
h04-049,378,2,prt,10,6,84,41,forms/h04-049.png
h04-052,379,2,prt,10,7,100,68,forms/h04-052.png
h04-055,379,1,prt,9,7,69,52,forms/h04-055.png
h04-057,380,3,all,10,10,76,76,forms/h04-057.png
h04-061,380,2,all,11,11,87,87,forms/h04-061.png
h04-071,382,2,prt,6,5,72,60,forms/h04-071.png
h04-074,382,3,prt,8,3,74,24,forms/h04-074.png
h04-078,383,3,prt,7,5,71,48,forms/h04-078.png
h04-082,383,3,prt,12,6,128,63,forms/h04-082.png
h05-012,118,2,all,7,7,74,74,forms/h05-012.png
h06-000,349,2,all,8,8,71,71,forms/h06-000.png
h06-003,349,3,prt,11,10,97,89,forms/h06-003.png
h06-079,384,2,prt,9,6,65,46,forms/h06-079.png
h06-082,384,2,prt,11,8,92,60,forms/h06-082.png
h06-085,384,3,prt,11,10,76,69,forms/h06-085.png
h06-089,384,2,prt,12,11,90,87,forms/h06-089.png
h06-092,384,3,prt,10,9,71,63,forms/h06-092.png
h06-096,384,1,prt,8,7,51,49,forms/h06-096.png
h07-000,355,2,all,7,7,62,62,forms/h07-000.png
h07-003,355,3,all,10,10,96,96,forms/h07-003.png
h07-007,355,3,prt,10,8,95,78,forms/h07-007.png
h07-011,355,1,all,6,6,56,56,forms/h07-011.png
h07-013,385,3,prt,11,9,85,70,forms/h07-013.png
h07-017,385,2,prt,10,9,80,76,forms/h07-017.png
h07-020,385,2,prt,9,7,67,51,forms/h07-020.png
h07-023,385,1,all,9,9,71,71,forms/h07-023.png
h07-025,386,2,all,11,11,65,65,forms/h07-025.png
h07-025a,385,2,all,10,10,73,73,forms/h07-025a.png
h07-028,386,1,all,11,11,59,59,forms/h07-028.png
h07-028a,387,1,all,9,9,61,61,forms/h07-028a.png
h07-030,386,2,all,10,10,48,48,forms/h07-030.png
h07-030a,387,2,all,10,10,73,73,forms/h07-030a.png
h07-033,386,3,all,10,10,60,60,forms/h07-033.png
h07-033a,387,3,all,11,11,94,94,forms/h07-033a.png
h07-037,386,2,prt,10,9,58,52,forms/h07-037.png
h07-037a,387,2,all,8,8,58,58,forms/h07-037a.png
h07-040,388,3,prt,11,10,78,72,forms/h07-040.png
h07-040b,387,3,prt,11,10,88,80,forms/h07-040b.png
h07-044a,388,2,all,9,9,53,53,forms/h07-044a.png
h07-051b,388,2,all,11,11,77,77,forms/h07-051b.png
h07-054a,389,2,prt,9,7,72,56,forms/h07-054a.png
h07-057a,389,2,all,8,8,68,68,forms/h07-057a.png
h07-060a,389,2,prt,9,7,81,64,forms/h07-060a.png
h07-060b,390,2,prt,10,8,80,64,forms/h07-060b.png
h07-063a,389,2,prt,9,8,90,83,forms/h07-063a.png
h07-063b,390,2,all,10,10,81,81,forms/h07-063b.png
h07-066a,389,2,all,7,7,64,64,forms/h07-066a.png
h07-066b,390,2,all,8,8,64,64,forms/h07-066b.png
h07-069,391,1,prt,8,7,59,51,forms/h07-069.png
h07-069a,390,1,prt,6,3,59,29,forms/h07-069a.png
h07-071,391,3,prt,10,9,78,69,forms/h07-071.png
h07-071a,390,3,all,10,10,82,82,forms/h07-071a.png
h07-075,391,2,prt,8,7,69,60,forms/h07-075.png
h07-075a,392,2,prt,8,3,71,22,forms/h07-075a.png
h07-078,391,1,all,10,10,72,72,forms/h07-078.png
h07-078a,392,1,prt,9,2,73,12,forms/h07-078a.png
h07-080,391,3,all,10,10,77,77,forms/h07-080.png
h07-080a,392,3,prt,10,2,98,21,forms/h07-080a.png
h07-084,392,2,prt,10,1,94,11,forms/h07-084.png
h07-087,393,1,all,3,3,28,28,forms/h07-087.png
j01-042,394,2,prt,10,7,86,63,forms/j01-042.png
j01-045,394,3,prt,10,9,75,69,forms/j01-045.png
j01-049,395,2,all,8,8,49,49,forms/j01-049.png
j01-059,396,3,all,11,11,84,84,forms/j01-059.png
j01-063,397,2,prt,8,6,59,44,forms/j01-063.png
j01-066,398,3,prt,12,9,108,81,forms/j01-066.png
j01-070,399,2,prt,7,6,53,46,forms/j01-070.png
j04-008,400,3,prt,9,6,78,46,forms/j04-008.png
j04-012,401,2,prt,10,7,68,47,forms/j04-012.png
j04-015,402,3,prt,9,7,69,53,forms/j04-015.png
j04-019,403,4,prt,11,10,78,70,forms/j04-019.png
j04-024,403,3,prt,10,9,76,67,forms/j04-024.png
j04-035,405,3,all,10,10,69,69,forms/j04-035.png
j04-039,404,2,prt,9,8,76,66,forms/j04-039.png
j04-046,405,2,all,11,11,73,73,forms/j04-046.png
j04-053,407,3,all,7,7,65,65,forms/j04-053.png
j04-061,408,3,all,7,7,71,71,forms/j04-061.png
j04-065,408,4,prt,9,6,83,61,forms/j04-065.png
j04-070,409,5,prt,11,8,95,69,forms/j04-070.png
j04-076,409,1,all,6,6,40,40,forms/j04-076.png
j04-080,410,4,prt,9,8,61,52,forms/j04-080.png
j04-094,411,3,prt,9,6,68,50,forms/j04-094.png
j04-098,412,4,prt,11,8,71,49,forms/j04-098.png
j04-103,413,4,prt,7,6,65,55,forms/j04-103.png
j04-111,414,3,prt,10,8,72,59,forms/j04-111.png
j04-115,414,2,prt,8,7,54,47,forms/j04-115.png
j06-000,384,4,all,11,11,79,79,forms/j06-000.png
j06-005,384,2,all,10,10,75,75,forms/j06-005.png
j06-008,384,5,prt,11,8,72,53,forms/j06-008.png
j06-014,384,3,all,12,12,87,87,forms/j06-014.png
j06-018,415,3,prt,11,10,67,61,forms/j06-018.png
j06-022,415,3,prt,11,7,61,39,forms/j06-022.png
j06-026,415,2,prt,10,9,56,51,forms/j06-026.png
j06-030,415,3,all,11,11,54,54,forms/j06-030.png
j06-034,415,3,prt,11,9,54,44,forms/j06-034.png
j06-051,415,4,prt,11,9,71,57,forms/j06-051.png
j06-056,415,3,prt,11,9,64,53,forms/j06-056.png
j07-000,393,4,all,8,8,65,65,forms/j07-000.png
j07-005,416,3,prt,9,3,81,26,forms/j07-005.png
j07-009,393,2,all,8,8,71,71,forms/j07-009.png
j07-012,393,2,prt,9,8,70,62,forms/j07-012.png
j07-015,393,4,prt,7,5,57,39,forms/j07-015.png
k01-051,417,3,all,10,10,86,86,forms/k01-051.png
k02-018,418,4,all,8,8,62,62,forms/k02-018.png
k02-023,419,6,prt,7,6,78,76,forms/k02-023.png
k02-029,420,6,prt,6,5,74,59,forms/k02-029.png
k02-036,421,8,prt,8,6,76,57,forms/k02-036.png
k02-053,422,4,prt,8,6,70,51,forms/k02-053.png
k02-062,423,4,prt,9,7,84,64,forms/k02-062.png
k02-067,424,8,prt,8,7,83,74,forms/k02-067.png
k02-076,425,6,prt,10,8,70,57,forms/k02-076.png
k02-093,426,3,all,6,6,59,59,forms/k02-093.png
k02-097,427,4,all,10,10,79,79,forms/k02-097.png
k02-102,428,4,prt,8,7,83,70,forms/k02-102.png
k02-112,429,4,all,7,7,64,64,forms/k02-112.png
k02-117,430,3,prt,10,5,89,41,forms/k02-117.png
k03-117,431,2,all,9,9,68,68,forms/k03-117.png
k03-138,432,5,prt,7,6,73,58,forms/k03-138.png
k03-144,433,9,prt,9,6,86,56,forms/k03-144.png
k03-152,434,4,prt,8,6,85,62,forms/k03-152.png
k03-157,435,6,prt,7,4,68,41,forms/k03-157.png
k03-164,436,5,prt,9,5,76,38,forms/k03-164.png
k03-180,420,7,prt,6,3,64,22,forms/k03-180.png
k04-000,439,4,prt,6,4,67,47,forms/k04-000.png
k04-005,406,4,prt,7,4,89,40,forms/k04-005.png
k04-010,440,3,prt,11,10,79,71,forms/k04-010.png
k04-014,441,2,prt,7,4,70,38,forms/k04-014.png
k04-017,239,4,prt,10,8,83,67,forms/k04-017.png
k04-022,240,5,prt,8,5,77,47,forms/k04-022.png
k04-028,442,4,prt,8,5,75,43,forms/k04-028.png
k04-033,442,5,prt,9,8,80,69,forms/k04-033.png
k04-039,439,10,prt,8,6,94,64,forms/k04-039.png
k04-050,443,3,prt,7,5,68,50,forms/k04-050.png
k04-054,443,2,prt,10,9,81,72,forms/k04-054.png
k04-057,444,3,prt,8,3,73,28,forms/k04-057.png
k04-061,444,2,prt,9,5,84,48,forms/k04-061.png
k04-064,445,3,all,6,6,57,57,forms/k04-064.png
k04-068,445,6,all,9,9,92,92,forms/k04-068.png
k04-075,446,3,prt,8,6,71,52,forms/k04-075.png
k04-079,446,5,prt,11,8,82,60,forms/k04-079.png
k04-085,447,7,prt,8,5,85,53,forms/k04-085.png
k04-093,447,5,prt,9,5,90,46,forms/k04-093.png
k04-099,448,3,all,7,7,59,59,forms/k04-099.png
k04-103,448,2,prt,8,6,74,57,forms/k04-103.png
k04-106,449,3,prt,7,5,66,49,forms/k04-106.png
k04-110,450,4,prt,11,9,81,68,forms/k04-110.png
k04-115,450,3,prt,8,6,60,49,forms/k04-115.png
k04-119,449,6,prt,7,4,73,38,forms/k04-119.png
k04-126,451,9,prt,7,3,84,39,forms/k04-126.png
k04-136,451,5,prt,9,4,96,37,forms/k04-136.png
k04-142,452,6,prt,7,6,81,64,forms/k04-142.png
k04-149,452,6,prt,7,2,77,17,forms/k04-149.png
k04-156,453,6,prt,7,1,89,12,forms/k04-156.png
k04-163,453,3,prt,8,7,92,78,forms/k04-163.png
k07-059a,454,3,all,9,9,91,91,forms/k07-059a.png
k07-063a,454,3,all,7,7,70,70,forms/k07-063a.png
k07-067a,454,9,prt,6,5,63,52,forms/k07-067a.png
k07-077,454,7,prt,7,6,77,66,forms/k07-077.png
k07-085,454,11,prt,7,6,86,73,forms/k07-085.png
k07-122,455,2,all,9,9,68,68,forms/k07-122.png
k07-125,455,8,all,7,7,69,69,forms/k07-125.png
k07-134,455,6,prt,8,7,66,57,forms/k07-134.png
k07-141,455,4,all,8,8,65,65,forms/k07-141.png
k07-146,455,5,all,9,9,72,72,forms/k07-146.png
k07-152,456,5,all,8,8,59,59,forms/k07-152.png
k07-158,456,7,prt,9,8,69,59,forms/k07-158.png
k07-166,456,9,prt,10,8,79,62,forms/k07-166.png
k07-176,456,8,all,12,12,81,81,forms/k07-176.png
k07-185,456,3,prt,12,9,78,58,forms/k07-185.png
l01-000,457,6,prt,11,6,78,39,forms/l01-000.png
l01-007,458,8,prt,6,5,61,54,forms/l01-007.png
l01-016,458,6,prt,7,6,69,54,forms/l01-016.png
l01-023,458,6,prt,7,4,64,36,forms/l01-023.png
l01-030,459,6,prt,9,6,69,42,forms/l01-030.png
l01-050,460,7,prt,9,8,78,68,forms/l01-050.png
l01-065,461,3,prt,12,4,71,18,forms/l01-065.png
l01-082,462,6,prt,5,3,77,40,forms/l01-082.png
l01-095,463,4,prt,9,8,86,77,forms/l01-095.png
l01-105,464,5,all,11,11,75,75,forms/l01-105.png
l01-111,465,7,all,9,9,81,81,forms/l01-111.png
l01-119,466,9,prt,8,5,93,44,forms/l01-119.png
l01-129,467,3,prt,8,6,63,44,forms/l01-129.png
l01-133,468,4,prt,9,7,80,57,forms/l01-133.png
l01-143,469,4,prt,7,6,60,54,forms/l01-143.png
l01-157,470,8,all,8,8,86,86,forms/l01-157.png
l01-173,471,5,prt,8,6,85,67,forms/l01-173.png
l01-179,472,7,prt,9,8,75,64,forms/l01-179.png
l01-187,473,7,all,11,11,90,90,forms/l01-187.png
l01-195,474,3,prt,8,7,74,63,forms/l01-195.png
l01-199,475,4,prt,11,9,95,70,forms/l01-199.png
l03-000,476,3,prt,8,4,50,27,forms/l03-000.png
l03-004,477,3,all,10,10,80,80,forms/l03-004.png
l03-008,478,3,prt,10,8,75,63,forms/l03-008.png
l04-000,479,4,prt,5,3,50,27,forms/l04-000.png
l04-005,480,6,all,7,7,82,82,forms/l04-005.png
l04-012,480,7,all,8,8,77,77,forms/l04-012.png
l04-020,481,5,prt,7,5,91,57,forms/l04-020.png
l04-026,481,7,prt,8,2,103,29,forms/l04-026.png
l04-034,482,8,prt,9,7,86,66,forms/l04-034.png
l04-043,482,8,prt,9,5,82,43,forms/l04-043.png
l04-052,483,9,prt,9,4,96,36,forms/l04-052.png
l04-062,483,3,prt,10,9,64,56,forms/l04-062.png
l04-066,484,4,all,8,8,84,84,forms/l04-066.png
l04-071,484,5,prt,9,8,100,92,forms/l04-071.png
l04-082,485,5,prt,9,8,72,69,forms/l04-082.png
l04-087,486,5,all,6,6,60,60,forms/l04-087.png
l04-093,486,4,prt,8,6,84,56,forms/l04-093.png
l04-098,487,3,prt,8,4,62,30,forms/l04-098.png
l04-102,487,3,all,9,9,66,66,forms/l04-102.png
l04-106,488,6,prt,7,6,81,69,forms/l04-106.png
l04-113,488,4,prt,6,5,71,56,forms/l04-113.png
l04-118,489,5,prt,8,6,74,48,forms/l04-118.png
l04-124,489,5,all,10,10,85,85,forms/l04-124.png
l04-130,490,5,prt,10,5,95,48,forms/l04-130.png
l04-136,490,4,prt,8,4,78,36,forms/l04-136.png
l04-141,491,5,prt,7,6,74,62,forms/l04-141.png
l04-147,491,5,prt,6,3,73,28,forms/l04-147.png
l04-153,492,5,prt,8,5,77,48,forms/l04-153.png
l04-159,492,3,prt,9,8,82,70,forms/l04-159.png
l04-163,493,6,prt,9,6,80,60,forms/l04-163.png
l04-170,493,3,all,8,8,64,64,forms/l04-170.png
l04-174,494,4,prt,6,4,61,39,forms/l04-174.png
l04-179,494,4,prt,8,7,77,69,forms/l04-179.png
l07-052,495,5,prt,5,3,70,38,forms/l07-052.png
l07-065,495,4,prt,5,4,69,56,forms/l07-065.png
l07-074,495,5,prt,6,4,74,47,forms/l07-074.png
l07-080,496,4,all,10,10,72,72,forms/l07-080.png
l07-085,496,7,prt,9,7,76,55,forms/l07-085.png
l07-103,496,7,prt,8,4,69,33,forms/l07-103.png
l07-111,496,6,prt,12,10,85,62,forms/l07-111.png
l07-118,497,5,prt,7,6,62,50,forms/l07-118.png
l07-131,497,3,all,8,8,61,61,forms/l07-131.png
l07-135,497,2,prt,9,8,73,62,forms/l07-135.png
l07-138,497,2,all,7,7,56,56,forms/l07-138.png
l07-172,498,3,all,11,11,89,89,forms/l07-172.png
l07-176,498,4,prt,7,5,75,52,forms/l07-176.png
l07-181,498,5,prt,9,7,84,62,forms/l07-181.png
l07-187,498,2,prt,9,7,76,56,forms/l07-187.png
l07-190,498,3,prt,5,3,60,30,forms/l07-190.png
m01-000,499,4,prt,8,6,62,47,forms/m01-000.png
m01-012,500,4,prt,11,10,76,71,forms/m01-012.png
m01-017,501,4,prt,8,7,61,54,forms/m01-017.png
m01-022,502,3,all,6,6,61,61,forms/m01-022.png
m01-026,503,5,all,8,8,83,83,forms/m01-026.png
m01-032,504,5,prt,9,8,90,88,forms/m01-032.png
m01-038,505,3,prt,10,9,71,65,forms/m01-038.png
m01-049,506,4,prt,12,10,80,67,forms/m01-049.png
m01-060,508,5,prt,8,6,68,49,forms/m01-060.png
m01-079,509,4,prt,7,5,66,46,forms/m01-079.png
m01-084,510,5,prt,8,7,60,51,forms/m01-084.png
m01-090,511,4,all,8,8,81,81,forms/m01-090.png
m01-095,512,4,prt,8,7,61,54,forms/m01-095.png
m01-100,364,3,all,7,7,67,67,forms/m01-100.png
m01-104,513,5,all,8,8,83,83,forms/m01-104.png
m01-110,514,4,prt,12,10,85,71,forms/m01-110.png
m01-115,515,5,all,9,9,74,74,forms/m01-115.png
m01-121,513,3,prt,9,8,73,71,forms/m01-121.png
m01-125,516,5,prt,11,10,81,74,forms/m01-125.png
m01-131,514,4,prt,7,4,66,36,forms/m01-131.png
m01-136,517,3,prt,11,9,71,55,forms/m01-136.png
m01-149,518,5,prt,8,7,91,79,forms/m01-149.png
m01-160,519,2,all,7,7,52,52,forms/m01-160.png
m02-048,520,3,prt,11,10,102,93,forms/m02-048.png
m02-052,521,2,prt,7,5,65,48,forms/m02-052.png
m02-055,522,4,prt,11,10,83,77,forms/m02-055.png
m02-059,523,3,prt,7,5,70,52,forms/m02-059.png
m02-066,524,2,prt,6,4,65,47,forms/m02-066.png
m02-069,525,2,prt,9,6,96,68,forms/m02-069.png
m02-072,526,2,prt,7,6,80,67,forms/m02-072.png
m02-075,527,4,prt,8,7,63,54,forms/m02-075.png
m02-080,528,3,prt,10,9,80,69,forms/m02-080.png
m02-083,529,3,prt,12,10,116,96,forms/m02-083.png
m02-087,530,2,all,8,8,70,70,forms/m02-087.png
m02-090,531,4,prt,11,9,117,94,forms/m02-090.png
m02-095,532,3,all,10,10,75,75,forms/m02-095.png
m02-102,533,3,prt,11,7,74,52,forms/m02-102.png
m02-106,527,2,prt,10,8,92,73,forms/m02-106.png
m02-109,534,2,prt,9,4,77,32,forms/m02-109.png
m02-112,535,2,prt,6,5,54,42,forms/m02-112.png
m03-006,536,6,prt,10,6,88,51,forms/m03-006.png
m03-013,537,6,prt,7,4,67,45,forms/m03-013.png
m03-020,538,6,prt,6,5,68,54,forms/m03-020.png
m03-033,539,6,prt,8,6,71,47,forms/m03-033.png
m03-062,540,1,prt,9,8,66,58,forms/m03-062.png
m03-095,541,2,all,9,9,59,59,forms/m03-095.png
m03-110,542,3,prt,10,7,83,61,forms/m03-110.png
m03-114,542,3,all,10,10,81,81,forms/m03-114.png
m03-118,543,3,all,6,6,65,65,forms/m03-118.png
m04-000,544,6,prt,8,6,64,47,forms/m04-000.png
m04-007,544,4,prt,10,7,82,58,forms/m04-007.png
m04-012,544,6,all,10,10,79,79,forms/m04-012.png
m04-019,544,4,all,8,8,73,73,forms/m04-019.png
m04-024,544,5,all,8,8,69,69,forms/m04-024.png
m04-030,545,7,prt,5,4,85,64,forms/m04-030.png
m04-038,545,4,all,6,6,69,69,forms/m04-038.png
m04-043,545,9,prt,5,1,83,13,forms/m04-043.png
m04-061,545,10,prt,5,2,87,29,forms/m04-061.png
m04-072,546,5,all,11,11,90,90,forms/m04-072.png
m04-078,546,2,prt,8,6,66,44,forms/m04-078.png
m04-081,546,11,prt,11,9,96,75,forms/m04-081.png
m04-093,546,6,all,10,10,83,83,forms/m04-093.png
m04-100,546,6,prt,8,7,73,64,forms/m04-100.png
m04-107,547,5,all,11,11,71,71,forms/m04-107.png
m04-113,547,9,all,11,11,93,93,forms/m04-113.png
m04-123,547,7,all,11,11,85,85,forms/m04-123.png
m04-131,547,6,prt,9,8,64,54,forms/m04-131.png
m04-138,547,6,prt,10,9,76,67,forms/m04-138.png
m04-145,548,6,all,8,8,76,76,forms/m04-145.png
m04-152,548,11,prt,8,5,83,58,forms/m04-152.png
m04-164,548,15,prt,8,6,96,74,forms/m04-164.png
m04-180,548,9,prt,8,6,83,69,forms/m04-180.png
m04-190,549,9,prt,10,9,101,89,forms/m04-190.png
m04-200,549,8,prt,8,6,70,54,forms/m04-200.png
m04-209,549,6,all,7,7,64,64,forms/m04-209.png
m04-216,549,5,all,7,7,66,66,forms/m04-216.png
m04-222,549,8,prt,8,7,81,70,forms/m04-222.png
m04-231,550,6,prt,7,6,68,58,forms/m04-231.png
m04-238,550,7,prt,6,5,73,64,forms/m04-238.png
m04-246,550,4,all,7,7,78,78,forms/m04-246.png
m04-251,548,2,all,3,3,22,22,forms/m04-251.png
m06-019,551,11,all,8,8,82,82,forms/m06-019.png
m06-031,552,10,prt,7,5,92,67,forms/m06-031.png
m06-042,552,5,prt,6,5,61,49,forms/m06-042.png
m06-048,552,7,prt,8,4,93,45,forms/m06-048.png
m06-056,552,10,all,6,6,70,70,forms/m06-056.png
m06-067,552,8,prt,7,6,83,76,forms/m06-067.png
m06-076,552,6,prt,7,6,69,60,forms/m06-076.png
m06-083,552,7,all,8,8,83,83,forms/m06-083.png
m06-091,552,6,prt,7,5,78,55,forms/m06-091.png
m06-098,552,7,all,7,7,72,72,forms/m06-098.png
m06-106,552,5,all,10,10,92,92,forms/m06-106.png
n01-000,553,3,prt,8,7,73,67,forms/n01-000.png
n01-004,554,4,all,7,7,56,56,forms/n01-004.png
n01-009,553,5,prt,9,7,82,56,forms/n01-009.png
n01-020,555,4,prt,10,9,75,71,forms/n01-020.png
n01-031,555,4,prt,9,8,71,64,forms/n01-031.png
n01-036,556,3,all,6,6,60,60,forms/n01-036.png
n01-045,555,6,prt,10,7,86,57,forms/n01-045.png
n01-052,557,4,prt,13,2,116,17,forms/n01-052.png
n01-057,558,4,all,10,10,68,68,forms/n01-057.png
n02-000,559,3,all,8,8,72,72,forms/n02-000.png
n02-004,560,4,all,9,9,96,96,forms/n02-004.png
n02-009,560,6,prt,7,4,79,43,forms/n02-009.png
n02-016,559,7,prt,8,7,87,72,forms/n02-016.png
n02-028,561,4,prt,10,3,96,30,forms/n02-028.png
n02-033,562,3,all,10,10,69,69,forms/n02-033.png
n02-037,562,2,prt,9,8,63,57,forms/n02-037.png
n02-040,563,4,all,8,8,79,79,forms/n02-040.png
n02-045,563,3,prt,9,8,84,73,forms/n02-045.png
n02-049,561,4,prt,6,2,63,18,forms/n02-049.png
n02-054,564,7,prt,10,9,88,79,forms/n02-054.png
n02-062,565,5,all,8,8,70,70,forms/n02-062.png
n02-082a,566,7,prt,7,6,71,59,forms/n02-082a.png
n02-098,567,5,prt,8,6,73,56,forms/n02-098.png
n02-104,315,4,prt,8,6,75,59,forms/n02-104.png
n02-109,315,4,all,8,8,67,67,forms/n02-109.png
n02-114,315,5,prt,10,8,77,60,forms/n02-114.png
n02-120,315,6,all,8,8,69,69,forms/n02-120.png
n02-127,315,5,prt,8,5,79,45,forms/n02-127.png
n02-146,081,4,prt,7,5,98,77,forms/n02-146.png
n02-151,568,2,prt,11,8,79,58,forms/n02-151.png
n02-154,569,2,prt,7,5,69,51,forms/n02-154.png
n02-157,570,5,all,9,9,87,87,forms/n02-157.png
n03-038,571,2,prt,7,6,58,48,forms/n03-038.png
n03-064,572,1,prt,6,3,59,27,forms/n03-064.png
n03-066,573,5,prt,8,7,82,69,forms/n03-066.png
n03-079,574,2,all,7,7,59,59,forms/n03-079.png
n03-082,575,8,all,8,8,76,76,forms/n03-082.png
n03-091,576,5,prt,9,8,89,81,forms/n03-091.png
n03-097,577,5,prt,9,8,78,67,forms/n03-097.png
n03-103,577,2,all,10,10,69,69,forms/n03-103.png
n03-106,578,6,prt,12,10,95,80,forms/n03-106.png
n03-113,579,6,prt,10,9,74,61,forms/n03-113.png
n03-120,580,5,prt,10,9,79,70,forms/n03-120.png
n03-126,581,3,prt,5,4,49,37,forms/n03-126.png
n04-000,550,8,all,6,6,78,78,forms/n04-000.png
n04-009,550,5,prt,7,5,68,50,forms/n04-009.png
n04-015,582,6,prt,8,7,84,70,forms/n04-015.png
n04-022,582,8,prt,8,7,80,68,forms/n04-022.png
n04-031,582,7,prt,8,7,77,66,forms/n04-031.png
n04-039,582,4,prt,6,5,52,45,forms/n04-039.png
n04-044,582,3,prt,11,10,95,93,forms/n04-044.png
n04-048,583,3,prt,10,8,88,64,forms/n04-048.png
n04-052,583,7,prt,9,6,85,56,forms/n04-052.png
n04-060,583,7,prt,7,6,72,60,forms/n04-060.png
n04-068,583,6,prt,8,7,71,60,forms/n04-068.png
n04-075,583,8,prt,8,2,84,15,forms/n04-075.png
n04-084,584,7,prt,7,3,81,29,forms/n04-084.png
n04-092,584,7,prt,9,5,86,42,forms/n04-092.png
n04-100,584,6,prt,8,5,68,39,forms/n04-100.png
n04-107,584,6,prt,9,5,75,35,forms/n04-107.png
n04-114,584,15,prt,9,4,98,35,forms/n04-114.png
n04-130,585,8,prt,6,5,76,61,forms/n04-130.png
n04-139,585,9,prt,9,2,90,25,forms/n04-139.png
n04-149,585,6,prt,8,2,85,24,forms/n04-149.png
n04-156,585,6,prt,8,5,69,40,forms/n04-156.png
n04-163,585,7,prt,9,3,86,24,forms/n04-163.png
n04-171,586,11,all,7,7,80,80,forms/n04-171.png
n04-183,586,6,all,7,7,77,77,forms/n04-183.png
n04-190,586,4,prt,7,5,72,46,forms/n04-190.png
n04-195,586,6,prt,6,5,70,57,forms/n04-195.png
n04-202,587,6,all,9,9,94,94,forms/n04-202.png
n04-209,587,3,all,8,8,65,65,forms/n04-209.png
n04-213,587,4,all,8,8,74,74,forms/n04-213.png
n04-218,587,4,all,10,10,97,97,forms/n04-218.png
n06-074,588,7,prt,7,6,80,68,forms/n06-074.png
n06-082,588,9,prt,8,6,92,63,forms/n06-082.png
n06-092,588,7,prt,9,7,91,72,forms/n06-092.png
n06-100,588,10,prt,10,9,93,78,forms/n06-100.png
n06-111,588,7,prt,8,6,83,61,forms/n06-111.png
n06-119,588,3,all,7,7,55,55,forms/n06-119.png
n06-123,588,4,prt,11,10,96,86,forms/n06-123.png
n06-128,588,4,prt,9,7,69,57,forms/n06-128.png
n06-133,588,6,prt,9,7,94,74,forms/n06-133.png
n06-140,588,7,prt,8,6,82,59,forms/n06-140.png
n06-148,551,7,prt,9,7,93,72,forms/n06-148.png
n06-156,551,6,prt,8,7,73,63,forms/n06-156.png
n06-163,551,5,prt,10,7,92,65,forms/n06-163.png
n06-169,551,5,prt,9,4,85,38,forms/n06-169.png
n06-175,551,6,prt,10,7,89,54,forms/n06-175.png
n06-182,551,3,all,8,8,72,72,forms/n06-182.png
n06-186,551,7,prt,8,5,85,47,forms/n06-186.png
n06-194,551,6,prt,8,5,89,53,forms/n06-194.png
n06-201,551,4,prt,8,6,80,56,forms/n06-201.png
p01-147,589,7,prt,12,11,99,95,forms/p01-147.png
p01-155,590,5,prt,10,8,90,72,forms/p01-155.png
p01-168,591,5,prt,8,7,77,62,forms/p01-168.png
p01-174,592,6,prt,9,3,71,24,forms/p01-174.png
p02-000,593,7,prt,7,6,73,60,forms/p02-000.png
p02-008,594,4,all,11,11,70,70,forms/p02-008.png
p02-017,595,4,prt,8,6,69,51,forms/p02-017.png
p02-022,596,4,prt,9,7,82,65,forms/p02-022.png
p02-027,597,7,prt,5,4,78,64,forms/p02-027.png
p02-069,598,6,prt,10,6,88,46,forms/p02-069.png
p02-076,599,4,prt,11,10,82,76,forms/p02-076.png
p02-081,599,2,prt,10,9,83,76,forms/p02-081.png
p02-090,598,2,prt,9,8,64,58,forms/p02-090.png
p02-101,600,3,prt,8,7,69,60,forms/p02-101.png
p02-105,601,3,all,8,8,78,78,forms/p02-105.png
p02-109,602,6,prt,9,5,90,61,forms/p02-109.png
p02-115,603,5,all,9,9,78,78,forms/p02-115.png
p02-121,604,5,prt,6,2,63,26,forms/p02-121.png
p02-127,605,3,prt,7,4,88,47,forms/p02-127.png
p02-131,606,3,all,8,8,75,75,forms/p02-131.png
p02-135,607,3,all,9,9,69,69,forms/p02-135.png
p02-139,608,4,prt,6,4,71,54,forms/p02-139.png
p02-144,609,5,prt,12,10,92,75,forms/p02-144.png
p02-150,610,4,prt,9,3,103,24,forms/p02-150.png
p02-155,611,1,all,2,2,13,13,forms/p02-155.png
p03-004,612,4,prt,12,9,69,55,forms/p03-004.png
p03-009,613,2,prt,7,5,71,50,forms/p03-009.png
p03-012,614,2,prt,10,9,75,68,forms/p03-012.png
p03-023,615,3,prt,6,5,75,59,forms/p03-023.png
p03-027,616,1,prt,8,5,81,46,forms/p03-027.png
p03-029,617,3,prt,10,8,73,60,forms/p03-029.png
p03-033,618,6,prt,6,5,74,54,forms/p03-033.png
p03-040,619,6,prt,9,7,86,65,forms/p03-040.png
p03-047,620,9,prt,10,9,97,88,forms/p03-047.png
p03-057,567,11,prt,10,8,96,75,forms/p03-057.png
p03-069,621,2,all,7,7,81,81,forms/p03-069.png
p03-072,622,7,prt,8,7,86,81,forms/p03-072.png
p03-080,623,6,prt,7,4,69,32,forms/p03-080.png
p03-087,567,8,all,11,11,94,94,forms/p03-087.png
p03-096,567,6,all,10,10,88,88,forms/p03-096.png
p03-103,567,8,prt,8,6,75,56,forms/p03-103.png
p03-112,567,8,prt,10,9,96,84,forms/p03-112.png
p03-121,624,7,prt,7,4,82,43,forms/p03-121.png
p03-135,625,6,all,7,7,80,80,forms/p03-135.png
p03-142,626,8,prt,7,6,81,68,forms/p03-142.png
p03-151,627,6,prt,8,5,71,42,forms/p03-151.png
p03-158,628,4,prt,8,7,83,70,forms/p03-158.png
p03-163,629,9,prt,8,2,79,18,forms/p03-163.png
p03-173,630,7,prt,9,5,105,56,forms/p03-173.png
p03-181,631,3,prt,10,6,89,47,forms/p03-181.png
p03-185,632,3,prt,9,8,87,75,forms/p03-185.png
p03-189,633,2,all,5,5,30,30,forms/p03-189.png
p06-030,634,11,prt,9,3,72,23,forms/p06-030.png
p06-042,634,4,prt,11,5,64,29,forms/p06-042.png
p06-047,634,4,prt,11,6,67,39,forms/p06-047.png
p06-052,634,5,prt,9,6,61,40,forms/p06-052.png
p06-058,634,9,prt,11,9,73,57,forms/p06-058.png
p06-069,634,7,prt,11,5,78,37,forms/p06-069.png
p06-088,634,7,prt,10,6,80,46,forms/p06-088.png
p06-096,634,7,prt,11,5,75,34,forms/p06-096.png
p06-104,634,7,prt,10,6,77,45,forms/p06-104.png
p06-242,635,5,all,8,8,77,77,forms/p06-242.png
p06-248,635,4,all,5,5,51,51,forms/p06-248.png
r02-000,636,2,all,8,8,62,62,forms/r02-000.png
r02-003,637,2,all,6,6,61,61,forms/r02-003.png
r02-006,638,3,all,10,10,62,62,forms/r02-006.png
r02-010,639,2,prt,8,5,63,37,forms/r02-010.png
r02-013,640,3,prt,12,9,83,66,forms/r02-013.png
r02-038,641,7,prt,7,6,66,59,forms/r02-038.png
r02-054,642,5,prt,7,6,75,59,forms/r02-054.png
r02-060,643,4,prt,11,8,63,46,forms/r02-060.png
r02-065,644,4,all,8,8,81,81,forms/r02-065.png
r02-070,645,3,all,7,7,72,72,forms/r02-070.png
r02-078,647,2,prt,8,7,58,52,forms/r02-078.png
r02-081,648,8,prt,8,4,76,22,forms/r02-081.png
r02-089,649,6,prt,11,6,108,53,forms/r02-089.png
r02-109,650,7,prt,10,9,90,84,forms/r02-109.png
r02-117,651,9,prt,8,7,81,67,forms/r02-117.png
r02-127,652,3,all,6,6,58,58,forms/r02-127.png
r02-131,653,5,prt,6,4,69,43,forms/r02-131.png
r02-137,654,8,prt,9,4,80,33,forms/r02-137.png
r02-146,655,6,prt,6,2,51,19,forms/r02-146.png
r03-002,658,4,prt,10,8,75,59,forms/r03-002.png
r03-007,658,2,all,9,9,75,75,forms/r03-007.png
r03-026,659,3,prt,11,8,100,69,forms/r03-026.png
r03-030,660,4,prt,7,6,62,51,forms/r03-030.png
r03-035,661,5,prt,9,8,85,82,forms/r03-035.png
r03-050,662,2,all,7,7,70,70,forms/r03-050.png
r03-053,315,2,prt,9,6,76,48,forms/r03-053.png
r03-056,663,8,prt,8,6,104,75,forms/r03-056.png
r03-065,664,7,prt,8,6,81,57,forms/r03-065.png
r03-084,665,5,prt,10,4,102,32,forms/r03-084.png
r03-090,666,5,prt,7,6,81,62,forms/r03-090.png
r03-096,667,4,prt,7,5,74,55,forms/r03-096.png
r03-110,668,4,prt,10,9,108,95,forms/r03-110.png
r03-115,669,1,all,4,4,30,30,forms/r03-115.png
r06-000,635,2,prt,6,5,58,50,forms/r06-000.png
r06-003,635,3,prt,8,6,90,64,forms/r06-003.png
r06-007,635,3,prt,8,7,84,73,forms/r06-007.png
r06-011,635,6,prt,6,4,77,48,forms/r06-011.png
r06-018,635,3,prt,7,6,65,52,forms/r06-018.png
r06-022,635,4,all,8,8,78,78,forms/r06-022.png
r06-027,635,7,all,8,8,89,89,forms/r06-027.png
r06-035,670,5,prt,7,6,64,56,forms/r06-035.png
r06-041,670,2,prt,9,7,66,46,forms/r06-041.png
r06-044,670,4,prt,11,10,87,80,forms/r06-044.png
r06-049,670,3,all,11,11,80,80,forms/r06-049.png
r06-053,670,3,prt,10,9,74,65,forms/r06-053.png
r06-057,670,4,prt,9,6,71,49,forms/r06-057.png
r06-062,670,3,all,10,10,73,73,forms/r06-062.png
r06-066,670,3,prt,10,7,78,54,forms/r06-066.png
r06-070,670,5,prt,10,9,69,67,forms/r06-070.png
r06-076,670,2,prt,9,8,68,58,forms/r06-076.png
r06-090,671,6,all,11,11,82,82,forms/r06-090.png
r06-097,671,5,prt,11,10,78,70,forms/r06-097.png
r06-103,671,2,prt,8,6,58,44,forms/r06-103.png
r06-106,671,4,all,10,10,72,72,forms/r06-106.png
r06-111,671,3,prt,9,7,67,53,forms/r06-111.png
r06-115,671,5,prt,11,8,84,57,forms/r06-115.png
r06-121,671,4,all,11,11,84,84,forms/r06-121.png
r06-126,671,3,all,11,11,81,81,forms/r06-126.png
r06-130,671,6,prt,10,9,83,76,forms/r06-130.png
r06-137,671,5,all,11,11,96,96,forms/r06-137.png
r06-143,635,5,all,5,5,55,55,forms/r06-143.png
